idVariavelAleatoria;AttMatriz;Iteradores;1;2;3;;
1;coeficiente_linear_auto_correlacao;01/2020;1.051098707862;;;;
1;coeficiente_linear_auto_correlacao;02/2020;0.566815369855;;;;
1;coeficiente_linear_auto_correlacao;03/2020;0.525140283702;;;;
1;coeficiente_linear_auto_correlacao;04/2020;0.398486858537;0.178050565430;;;
1;coeficiente_linear_auto_correlacao;05/2020;0.351629319231;0.079686370823;0.079870394654;;
1;coeficiente_linear_auto_correlacao;06/2020;0.826897434990;;;;
1;coeficiente_linear_auto_correlacao;07/2020;0.449274629132;0.216603463300;;;
1;coeficiente_linear_auto_correlacao;08/2020;0.715993336612;;;;
1;coeficiente_linear_auto_correlacao;09/2020;0.899889003567;0.293500371808;;;
1;coeficiente_linear_auto_correlacao;10/2020;0.492271310263;0.092787856573;0.569594715465;;
1;coeficiente_linear_auto_correlacao;11/2020;0.866618016361;;;;
1;coeficiente_linear_auto_correlacao;12/2020;0.968301381200;;;;
1;coeficiente_linear_auto_correlacao;01/2021;1.051098707862;;;;
1;coeficiente_linear_auto_correlacao;02/2021;0.566815369855;;;;
1;coeficiente_linear_auto_correlacao;03/2021;0.525140283702;;;;
1;coeficiente_linear_auto_correlacao;04/2021;0.398486858537;0.178050565430;;;
1;coeficiente_linear_auto_correlacao;05/2021;0.351629319231;0.079686370823;0.079870394654;;
1;coeficiente_linear_auto_correlacao;06/2021;0.826897434990;;;;
1;coeficiente_linear_auto_correlacao;07/2021;0.449274629132;0.216603463300;;;
1;coeficiente_linear_auto_correlacao;08/2021;0.715993336612;;;;
1;coeficiente_linear_auto_correlacao;09/2021;0.899889003567;0.293500371808;;;
1;coeficiente_linear_auto_correlacao;10/2021;0.492271310263;0.092787856573;0.569594715465;;
1;coeficiente_linear_auto_correlacao;11/2021;0.866618016361;;;;
1;coeficiente_linear_auto_correlacao;12/2021;0.968301381200;;;;
1;coeficiente_linear_auto_correlacao;01/2022;1.051098707862;;;;
1;coeficiente_linear_auto_correlacao;02/2022;0.566815369855;;;;
1;coeficiente_linear_auto_correlacao;03/2022;0.525140283702;;;;
1;coeficiente_linear_auto_correlacao;04/2022;0.398486858537;0.178050565430;;;
1;coeficiente_linear_auto_correlacao;05/2022;0.351629319231;0.079686370823;0.079870394654;;
1;coeficiente_linear_auto_correlacao;06/2022;0.826897434990;;;;
1;coeficiente_linear_auto_correlacao;07/2022;0.449274629132;0.216603463300;;;
1;coeficiente_linear_auto_correlacao;08/2022;0.715993336612;;;;
1;coeficiente_linear_auto_correlacao;09/2022;0.899889003567;0.293500371808;;;
1;coeficiente_linear_auto_correlacao;10/2022;0.492271310263;0.092787856573;0.569594715465;;
1;coeficiente_linear_auto_correlacao;11/2022;0.866618016361;;;;
1;coeficiente_linear_auto_correlacao;12/2022;0.968301381200;;;;
1;coeficiente_linear_auto_correlacao;01/2023;1.051098707862;;;;
1;coeficiente_linear_auto_correlacao;02/2023;0.566815369855;;;;
1;coeficiente_linear_auto_correlacao;03/2023;0.525140283702;;;;
1;coeficiente_linear_auto_correlacao;04/2023;0.398486858537;0.178050565430;;;
1;coeficiente_linear_auto_correlacao;05/2023;0.351629319231;0.079686370823;0.079870394654;;
1;coeficiente_linear_auto_correlacao;06/2023;0.826897434990;;;;
1;coeficiente_linear_auto_correlacao;07/2023;0.449274629132;0.216603463300;;;
1;coeficiente_linear_auto_correlacao;08/2023;0.715993336612;;;;
1;coeficiente_linear_auto_correlacao;09/2023;0.899889003567;0.293500371808;;;
1;coeficiente_linear_auto_correlacao;10/2023;0.492271310263;0.092787856573;0.569594715465;;
1;coeficiente_linear_auto_correlacao;11/2023;0.866618016361;;;;
1;coeficiente_linear_auto_correlacao;12/2023;0.968301381200;;;;
1;coeficiente_linear_auto_correlacao;01/2024;1.051098707862;;;;
1;coeficiente_linear_auto_correlacao;02/2024;0.566815369855;;;;
1;coeficiente_linear_auto_correlacao;03/2024;0.525140283702;;;;
1;coeficiente_linear_auto_correlacao;04/2024;0.398486858537;0.178050565430;;;
1;coeficiente_linear_auto_correlacao;05/2024;0.351629319231;0.079686370823;0.079870394654;;
1;coeficiente_linear_auto_correlacao;06/2024;0.826897434990;;;;
1;coeficiente_linear_auto_correlacao;07/2024;0.449274629132;0.216603463300;;;
1;coeficiente_linear_auto_correlacao;08/2024;0.715993336612;;;;
1;coeficiente_linear_auto_correlacao;09/2024;0.899889003567;0.293500371808;;;
1;coeficiente_linear_auto_correlacao;10/2024;0.492271310263;0.092787856573;0.569594715465;;
1;coeficiente_linear_auto_correlacao;11/2024;0.866618016361;;;;
1;coeficiente_linear_auto_correlacao;12/2024;0.968301381200;;;;
2;coeficiente_linear_auto_correlacao;01/2020;0.649123375668;;;;
2;coeficiente_linear_auto_correlacao;02/2020;0.767639178620;;;;
2;coeficiente_linear_auto_correlacao;03/2020;0.506686573110;;;;
2;coeficiente_linear_auto_correlacao;04/2020;0.552552505404;;;;
2;coeficiente_linear_auto_correlacao;05/2020;0.487970455735;;;;
2;coeficiente_linear_auto_correlacao;06/2020;0.676724134280;;;;
2;coeficiente_linear_auto_correlacao;07/2020;0.491190318824;0.203363019372;;;
2;coeficiente_linear_auto_correlacao;08/2020;1.042559319058;-0.179020750326;;;
2;coeficiente_linear_auto_correlacao;09/2020;0.977786393944;;;;
2;coeficiente_linear_auto_correlacao;10/2020;0.563674818178;0.419765282165;;;
2;coeficiente_linear_auto_correlacao;11/2020;1.388640459879;0.189339631969;-1.047597945767;;
2;coeficiente_linear_auto_correlacao;12/2020;0.760667966143;0.621594892364;;;
2;coeficiente_linear_auto_correlacao;01/2021;0.649123375668;;;;
2;coeficiente_linear_auto_correlacao;02/2021;0.767639178620;;;;
2;coeficiente_linear_auto_correlacao;03/2021;0.506686573110;;;;
2;coeficiente_linear_auto_correlacao;04/2021;0.552552505404;;;;
2;coeficiente_linear_auto_correlacao;05/2021;0.487970455735;;;;
2;coeficiente_linear_auto_correlacao;06/2021;0.676724134280;;;;
2;coeficiente_linear_auto_correlacao;07/2021;0.491190318824;0.203363019372;;;
2;coeficiente_linear_auto_correlacao;08/2021;1.042559319058;-0.179020750326;;;
2;coeficiente_linear_auto_correlacao;09/2021;0.977786393944;;;;
2;coeficiente_linear_auto_correlacao;10/2021;0.563674818178;0.419765282165;;;
2;coeficiente_linear_auto_correlacao;11/2021;1.388640459879;0.189339631969;-1.047597945767;;
2;coeficiente_linear_auto_correlacao;12/2021;0.760667966143;0.621594892364;;;
2;coeficiente_linear_auto_correlacao;01/2022;0.649123375668;;;;
2;coeficiente_linear_auto_correlacao;02/2022;0.767639178620;;;;
2;coeficiente_linear_auto_correlacao;03/2022;0.506686573110;;;;
2;coeficiente_linear_auto_correlacao;04/2022;0.552552505404;;;;
2;coeficiente_linear_auto_correlacao;05/2022;0.487970455735;;;;
2;coeficiente_linear_auto_correlacao;06/2022;0.676724134280;;;;
2;coeficiente_linear_auto_correlacao;07/2022;0.491190318824;0.203363019372;;;
2;coeficiente_linear_auto_correlacao;08/2022;1.042559319058;-0.179020750326;;;
2;coeficiente_linear_auto_correlacao;09/2022;0.977786393944;;;;
2;coeficiente_linear_auto_correlacao;10/2022;0.563674818178;0.419765282165;;;
2;coeficiente_linear_auto_correlacao;11/2022;1.388640459879;0.189339631969;-1.047597945767;;
2;coeficiente_linear_auto_correlacao;12/2022;0.760667966143;0.621594892364;;;
2;coeficiente_linear_auto_correlacao;01/2023;0.649123375668;;;;
2;coeficiente_linear_auto_correlacao;02/2023;0.767639178620;;;;
2;coeficiente_linear_auto_correlacao;03/2023;0.506686573110;;;;
2;coeficiente_linear_auto_correlacao;04/2023;0.552552505404;;;;
2;coeficiente_linear_auto_correlacao;05/2023;0.487970455735;;;;
2;coeficiente_linear_auto_correlacao;06/2023;0.676724134280;;;;
2;coeficiente_linear_auto_correlacao;07/2023;0.491190318824;0.203363019372;;;
2;coeficiente_linear_auto_correlacao;08/2023;1.042559319058;-0.179020750326;;;
2;coeficiente_linear_auto_correlacao;09/2023;0.977786393944;;;;
2;coeficiente_linear_auto_correlacao;10/2023;0.563674818178;0.419765282165;;;
2;coeficiente_linear_auto_correlacao;11/2023;1.388640459879;0.189339631969;-1.047597945767;;
2;coeficiente_linear_auto_correlacao;12/2023;0.760667966143;0.621594892364;;;
2;coeficiente_linear_auto_correlacao;01/2024;0.649123375668;;;;
2;coeficiente_linear_auto_correlacao;02/2024;0.767639178620;;;;
2;coeficiente_linear_auto_correlacao;03/2024;0.506686573110;;;;
2;coeficiente_linear_auto_correlacao;04/2024;0.552552505404;;;;
2;coeficiente_linear_auto_correlacao;05/2024;0.487970455735;;;;
2;coeficiente_linear_auto_correlacao;06/2024;0.676724134280;;;;
2;coeficiente_linear_auto_correlacao;07/2024;0.491190318824;0.203363019372;;;
2;coeficiente_linear_auto_correlacao;08/2024;1.042559319058;-0.179020750326;;;
2;coeficiente_linear_auto_correlacao;09/2024;0.977786393944;;;;
2;coeficiente_linear_auto_correlacao;10/2024;0.563674818178;0.419765282165;;;
2;coeficiente_linear_auto_correlacao;11/2024;1.388640459879;0.189339631969;-1.047597945767;;
2;coeficiente_linear_auto_correlacao;12/2024;0.760667966143;0.621594892364;;;
3;coeficiente_linear_auto_correlacao;01/2020;0.719965917197;;;;
3;coeficiente_linear_auto_correlacao;02/2020;1.005219652924;-0.354731062415;;;
3;coeficiente_linear_auto_correlacao;03/2020;0.878349267447;;;;
3;coeficiente_linear_auto_correlacao;04/2020;0.491674153095;;;;
3;coeficiente_linear_auto_correlacao;05/2020;0.563132203267;;;;
3;coeficiente_linear_auto_correlacao;06/2020;0.343308724351;0.102123643701;;;
3;coeficiente_linear_auto_correlacao;07/2020;0.876634655017;-0.080264191450;;;
3;coeficiente_linear_auto_correlacao;08/2020;0.819562015593;;;;
3;coeficiente_linear_auto_correlacao;09/2020;0.880204242314;;;;
3;coeficiente_linear_auto_correlacao;10/2020;1.134069269502;;;;
3;coeficiente_linear_auto_correlacao;11/2020;2.104689260259;-0.890151210529;;;
3;coeficiente_linear_auto_correlacao;12/2020;1.033440095683;;;;
3;coeficiente_linear_auto_correlacao;01/2021;0.719965917197;;;;
3;coeficiente_linear_auto_correlacao;02/2021;1.005219652924;-0.354731062415;;;
3;coeficiente_linear_auto_correlacao;03/2021;0.878349267447;;;;
3;coeficiente_linear_auto_correlacao;04/2021;0.491674153095;;;;
3;coeficiente_linear_auto_correlacao;05/2021;0.563132203267;;;;
3;coeficiente_linear_auto_correlacao;06/2021;0.343308724351;0.102123643701;;;
3;coeficiente_linear_auto_correlacao;07/2021;0.876634655017;-0.080264191450;;;
3;coeficiente_linear_auto_correlacao;08/2021;0.819562015593;;;;
3;coeficiente_linear_auto_correlacao;09/2021;0.880204242314;;;;
3;coeficiente_linear_auto_correlacao;10/2021;1.134069269502;;;;
3;coeficiente_linear_auto_correlacao;11/2021;2.104689260259;-0.890151210529;;;
3;coeficiente_linear_auto_correlacao;12/2021;1.033440095683;;;;
3;coeficiente_linear_auto_correlacao;01/2022;0.719965917197;;;;
3;coeficiente_linear_auto_correlacao;02/2022;1.005219652924;-0.354731062415;;;
3;coeficiente_linear_auto_correlacao;03/2022;0.878349267447;;;;
3;coeficiente_linear_auto_correlacao;04/2022;0.491674153095;;;;
3;coeficiente_linear_auto_correlacao;05/2022;0.563132203267;;;;
3;coeficiente_linear_auto_correlacao;06/2022;0.343308724351;0.102123643701;;;
3;coeficiente_linear_auto_correlacao;07/2022;0.876634655017;-0.080264191450;;;
3;coeficiente_linear_auto_correlacao;08/2022;0.819562015593;;;;
3;coeficiente_linear_auto_correlacao;09/2022;0.880204242314;;;;
3;coeficiente_linear_auto_correlacao;10/2022;1.134069269502;;;;
3;coeficiente_linear_auto_correlacao;11/2022;2.104689260259;-0.890151210529;;;
3;coeficiente_linear_auto_correlacao;12/2022;1.033440095683;;;;
3;coeficiente_linear_auto_correlacao;01/2023;0.719965917197;;;;
3;coeficiente_linear_auto_correlacao;02/2023;1.005219652924;-0.354731062415;;;
3;coeficiente_linear_auto_correlacao;03/2023;0.878349267447;;;;
3;coeficiente_linear_auto_correlacao;04/2023;0.491674153095;;;;
3;coeficiente_linear_auto_correlacao;05/2023;0.563132203267;;;;
3;coeficiente_linear_auto_correlacao;06/2023;0.343308724351;0.102123643701;;;
3;coeficiente_linear_auto_correlacao;07/2023;0.876634655017;-0.080264191450;;;
3;coeficiente_linear_auto_correlacao;08/2023;0.819562015593;;;;
3;coeficiente_linear_auto_correlacao;09/2023;0.880204242314;;;;
3;coeficiente_linear_auto_correlacao;10/2023;1.134069269502;;;;
3;coeficiente_linear_auto_correlacao;11/2023;2.104689260259;-0.890151210529;;;
3;coeficiente_linear_auto_correlacao;12/2023;1.033440095683;;;;
3;coeficiente_linear_auto_correlacao;01/2024;0.719965917197;;;;
3;coeficiente_linear_auto_correlacao;02/2024;1.005219652924;-0.354731062415;;;
3;coeficiente_linear_auto_correlacao;03/2024;0.878349267447;;;;
3;coeficiente_linear_auto_correlacao;04/2024;0.491674153095;;;;
3;coeficiente_linear_auto_correlacao;05/2024;0.563132203267;;;;
3;coeficiente_linear_auto_correlacao;06/2024;0.343308724351;0.102123643701;;;
3;coeficiente_linear_auto_correlacao;07/2024;0.876634655017;-0.080264191450;;;
3;coeficiente_linear_auto_correlacao;08/2024;0.819562015593;;;;
3;coeficiente_linear_auto_correlacao;09/2024;0.880204242314;;;;
3;coeficiente_linear_auto_correlacao;10/2024;1.134069269502;;;;
3;coeficiente_linear_auto_correlacao;11/2024;2.104689260259;-0.890151210529;;;
3;coeficiente_linear_auto_correlacao;12/2024;1.033440095683;;;;
4;coeficiente_linear_auto_correlacao;01/2020;0.492235044384;;;;
4;coeficiente_linear_auto_correlacao;02/2020;0.539161309443;;;;
4;coeficiente_linear_auto_correlacao;03/2020;0.473373995406;;;;
4;coeficiente_linear_auto_correlacao;04/2020;0.479944190595;0.127476035303;;;
4;coeficiente_linear_auto_correlacao;05/2020;0.614521477984;;;;
4;coeficiente_linear_auto_correlacao;06/2020;0.720287642818;;;;
4;coeficiente_linear_auto_correlacao;07/2020;0.852570514349;;;;
4;coeficiente_linear_auto_correlacao;08/2020;0.858606886309;;;;
4;coeficiente_linear_auto_correlacao;09/2020;0.898236630007;;;;
4;coeficiente_linear_auto_correlacao;10/2020;1.098126921370;;;;
4;coeficiente_linear_auto_correlacao;11/2020;1.034273899862;;;;
4;coeficiente_linear_auto_correlacao;12/2020;0.452127759736;0.829734519216;;;
4;coeficiente_linear_auto_correlacao;01/2021;0.492235044384;;;;
4;coeficiente_linear_auto_correlacao;02/2021;0.539161309443;;;;
4;coeficiente_linear_auto_correlacao;03/2021;0.473373995406;;;;
4;coeficiente_linear_auto_correlacao;04/2021;0.479944190595;0.127476035303;;;
4;coeficiente_linear_auto_correlacao;05/2021;0.614521477984;;;;
4;coeficiente_linear_auto_correlacao;06/2021;0.720287642818;;;;
4;coeficiente_linear_auto_correlacao;07/2021;0.852570514349;;;;
4;coeficiente_linear_auto_correlacao;08/2021;0.858606886309;;;;
4;coeficiente_linear_auto_correlacao;09/2021;0.898236630007;;;;
4;coeficiente_linear_auto_correlacao;10/2021;1.098126921370;;;;
4;coeficiente_linear_auto_correlacao;11/2021;1.034273899862;;;;
4;coeficiente_linear_auto_correlacao;12/2021;0.452127759736;0.829734519216;;;
4;coeficiente_linear_auto_correlacao;01/2022;0.492235044384;;;;
4;coeficiente_linear_auto_correlacao;02/2022;0.539161309443;;;;
4;coeficiente_linear_auto_correlacao;03/2022;0.473373995406;;;;
4;coeficiente_linear_auto_correlacao;04/2022;0.479944190595;0.127476035303;;;
4;coeficiente_linear_auto_correlacao;05/2022;0.614521477984;;;;
4;coeficiente_linear_auto_correlacao;06/2022;0.720287642818;;;;
4;coeficiente_linear_auto_correlacao;07/2022;0.852570514349;;;;
4;coeficiente_linear_auto_correlacao;08/2022;0.858606886309;;;;
4;coeficiente_linear_auto_correlacao;09/2022;0.898236630007;;;;
4;coeficiente_linear_auto_correlacao;10/2022;1.098126921370;;;;
4;coeficiente_linear_auto_correlacao;11/2022;1.034273899862;;;;
4;coeficiente_linear_auto_correlacao;12/2022;0.452127759736;0.829734519216;;;
4;coeficiente_linear_auto_correlacao;01/2023;0.492235044384;;;;
4;coeficiente_linear_auto_correlacao;02/2023;0.539161309443;;;;
4;coeficiente_linear_auto_correlacao;03/2023;0.473373995406;;;;
4;coeficiente_linear_auto_correlacao;04/2023;0.479944190595;0.127476035303;;;
4;coeficiente_linear_auto_correlacao;05/2023;0.614521477984;;;;
4;coeficiente_linear_auto_correlacao;06/2023;0.720287642818;;;;
4;coeficiente_linear_auto_correlacao;07/2023;0.852570514349;;;;
4;coeficiente_linear_auto_correlacao;08/2023;0.858606886309;;;;
4;coeficiente_linear_auto_correlacao;09/2023;0.898236630007;;;;
4;coeficiente_linear_auto_correlacao;10/2023;1.098126921370;;;;
4;coeficiente_linear_auto_correlacao;11/2023;1.034273899862;;;;
4;coeficiente_linear_auto_correlacao;12/2023;0.452127759736;0.829734519216;;;
4;coeficiente_linear_auto_correlacao;01/2024;0.492235044384;;;;
4;coeficiente_linear_auto_correlacao;02/2024;0.539161309443;;;;
4;coeficiente_linear_auto_correlacao;03/2024;0.473373995406;;;;
4;coeficiente_linear_auto_correlacao;04/2024;0.479944190595;0.127476035303;;;
4;coeficiente_linear_auto_correlacao;05/2024;0.614521477984;;;;
4;coeficiente_linear_auto_correlacao;06/2024;0.720287642818;;;;
4;coeficiente_linear_auto_correlacao;07/2024;0.852570514349;;;;
4;coeficiente_linear_auto_correlacao;08/2024;0.858606886309;;;;
4;coeficiente_linear_auto_correlacao;09/2024;0.898236630007;;;;
4;coeficiente_linear_auto_correlacao;10/2024;1.098126921370;;;;
4;coeficiente_linear_auto_correlacao;11/2024;1.034273899862;;;;
4;coeficiente_linear_auto_correlacao;12/2024;0.452127759736;0.829734519216;;;
5;coeficiente_linear_auto_correlacao;01/2020;0;;;;
5;coeficiente_linear_auto_correlacao;02/2020;0.716249015896;;;;
5;coeficiente_linear_auto_correlacao;03/2020;0.254244957390;;;;
5;coeficiente_linear_auto_correlacao;04/2020;0.445408929692;;;;
5;coeficiente_linear_auto_correlacao;05/2020;0.405793800874;;;;
5;coeficiente_linear_auto_correlacao;06/2020;0.681936853350;;;;
5;coeficiente_linear_auto_correlacao;07/2020;0.781521708443;;;;
5;coeficiente_linear_auto_correlacao;08/2020;0.424606195441;0.328534751677;;;
5;coeficiente_linear_auto_correlacao;09/2020;0.593413294502;0.178092372549;;;
5;coeficiente_linear_auto_correlacao;10/2020;0.649355073666;0.161225945024;0.345926535911;;
5;coeficiente_linear_auto_correlacao;11/2020;1.613853611360;;;;
5;coeficiente_linear_auto_correlacao;12/2020;0.696278226905;;;;
5;coeficiente_linear_auto_correlacao;01/2021;0;;;;
5;coeficiente_linear_auto_correlacao;02/2021;0.716249015896;;;;
5;coeficiente_linear_auto_correlacao;03/2021;0.254244957390;;;;
5;coeficiente_linear_auto_correlacao;04/2021;0.445408929692;;;;
5;coeficiente_linear_auto_correlacao;05/2021;0.405793800874;;;;
5;coeficiente_linear_auto_correlacao;06/2021;0.681936853350;;;;
5;coeficiente_linear_auto_correlacao;07/2021;0.781521708443;;;;
5;coeficiente_linear_auto_correlacao;08/2021;0.424606195441;0.328534751677;;;
5;coeficiente_linear_auto_correlacao;09/2021;0.593413294502;0.178092372549;;;
5;coeficiente_linear_auto_correlacao;10/2021;0.649355073666;0.161225945024;0.345926535911;;
5;coeficiente_linear_auto_correlacao;11/2021;1.613853611360;;;;
5;coeficiente_linear_auto_correlacao;12/2021;0.696278226905;;;;
5;coeficiente_linear_auto_correlacao;01/2022;0;;;;
5;coeficiente_linear_auto_correlacao;02/2022;0.716249015896;;;;
5;coeficiente_linear_auto_correlacao;03/2022;0.254244957390;;;;
5;coeficiente_linear_auto_correlacao;04/2022;0.445408929692;;;;
5;coeficiente_linear_auto_correlacao;05/2022;0.405793800874;;;;
5;coeficiente_linear_auto_correlacao;06/2022;0.681936853350;;;;
5;coeficiente_linear_auto_correlacao;07/2022;0.781521708443;;;;
5;coeficiente_linear_auto_correlacao;08/2022;0.424606195441;0.328534751677;;;
5;coeficiente_linear_auto_correlacao;09/2022;0.593413294502;0.178092372549;;;
5;coeficiente_linear_auto_correlacao;10/2022;0.649355073666;0.161225945024;0.345926535911;;
5;coeficiente_linear_auto_correlacao;11/2022;1.613853611360;;;;
5;coeficiente_linear_auto_correlacao;12/2022;0.696278226905;;;;
5;coeficiente_linear_auto_correlacao;01/2023;0;;;;
5;coeficiente_linear_auto_correlacao;02/2023;0.716249015896;;;;
5;coeficiente_linear_auto_correlacao;03/2023;0.254244957390;;;;
5;coeficiente_linear_auto_correlacao;04/2023;0.445408929692;;;;
5;coeficiente_linear_auto_correlacao;05/2023;0.405793800874;;;;
5;coeficiente_linear_auto_correlacao;06/2023;0.681936853350;;;;
5;coeficiente_linear_auto_correlacao;07/2023;0.781521708443;;;;
5;coeficiente_linear_auto_correlacao;08/2023;0.424606195441;0.328534751677;;;
5;coeficiente_linear_auto_correlacao;09/2023;0.593413294502;0.178092372549;;;
5;coeficiente_linear_auto_correlacao;10/2023;0.649355073666;0.161225945024;0.345926535911;;
5;coeficiente_linear_auto_correlacao;11/2023;1.613853611360;;;;
5;coeficiente_linear_auto_correlacao;12/2023;0.696278226905;;;;
5;coeficiente_linear_auto_correlacao;01/2024;0;;;;
5;coeficiente_linear_auto_correlacao;02/2024;0.716249015896;;;;
5;coeficiente_linear_auto_correlacao;03/2024;0.254244957390;;;;
5;coeficiente_linear_auto_correlacao;04/2024;0.445408929692;;;;
5;coeficiente_linear_auto_correlacao;05/2024;0.405793800874;;;;
5;coeficiente_linear_auto_correlacao;06/2024;0.681936853350;;;;
5;coeficiente_linear_auto_correlacao;07/2024;0.781521708443;;;;
5;coeficiente_linear_auto_correlacao;08/2024;0.424606195441;0.328534751677;;;
5;coeficiente_linear_auto_correlacao;09/2024;0.593413294502;0.178092372549;;;
5;coeficiente_linear_auto_correlacao;10/2024;0.649355073666;0.161225945024;0.345926535911;;
5;coeficiente_linear_auto_correlacao;11/2024;1.613853611360;;;;
5;coeficiente_linear_auto_correlacao;12/2024;0.696278226905;;;;
6;coeficiente_linear_auto_correlacao;01/2020;0.883981178920;;;;
6;coeficiente_linear_auto_correlacao;02/2020;0.549612962484;;;;
6;coeficiente_linear_auto_correlacao;03/2020;0.387635555495;0.170078642669;;;
6;coeficiente_linear_auto_correlacao;04/2020;0.310550334044;0.183261943405;;;
6;coeficiente_linear_auto_correlacao;05/2020;0.589668567425;;;;
6;coeficiente_linear_auto_correlacao;06/2020;1.316782921234;;;;
6;coeficiente_linear_auto_correlacao;07/2020;0.372489040897;;;;
6;coeficiente_linear_auto_correlacao;08/2020;0.625721010851;;;;
6;coeficiente_linear_auto_correlacao;09/2020;0.792577354793;0.248369722182;;;
6;coeficiente_linear_auto_correlacao;10/2020;0.850247612063;;;;
6;coeficiente_linear_auto_correlacao;11/2020;0.372201486839;0.315099673132;;;
6;coeficiente_linear_auto_correlacao;12/2020;0.770334593460;;;;
6;coeficiente_linear_auto_correlacao;01/2021;0.883981178920;;;;
6;coeficiente_linear_auto_correlacao;02/2021;0.549612962484;;;;
6;coeficiente_linear_auto_correlacao;03/2021;0.387635555495;0.170078642669;;;
6;coeficiente_linear_auto_correlacao;04/2021;0.310550334044;0.183261943405;;;
6;coeficiente_linear_auto_correlacao;05/2021;0.589668567425;;;;
6;coeficiente_linear_auto_correlacao;06/2021;1.316782921234;;;;
6;coeficiente_linear_auto_correlacao;07/2021;0.372489040897;;;;
6;coeficiente_linear_auto_correlacao;08/2021;0.625721010851;;;;
6;coeficiente_linear_auto_correlacao;09/2021;0.792577354793;0.248369722182;;;
6;coeficiente_linear_auto_correlacao;10/2021;0.850247612063;;;;
6;coeficiente_linear_auto_correlacao;11/2021;0.372201486839;0.315099673132;;;
6;coeficiente_linear_auto_correlacao;12/2021;0.770334593460;;;;
6;coeficiente_linear_auto_correlacao;01/2022;0.883981178920;;;;
6;coeficiente_linear_auto_correlacao;02/2022;0.549612962484;;;;
6;coeficiente_linear_auto_correlacao;03/2022;0.387635555495;0.170078642669;;;
6;coeficiente_linear_auto_correlacao;04/2022;0.310550334044;0.183261943405;;;
6;coeficiente_linear_auto_correlacao;05/2022;0.589668567425;;;;
6;coeficiente_linear_auto_correlacao;06/2022;1.316782921234;;;;
6;coeficiente_linear_auto_correlacao;07/2022;0.372489040897;;;;
6;coeficiente_linear_auto_correlacao;08/2022;0.625721010851;;;;
6;coeficiente_linear_auto_correlacao;09/2022;0.792577354793;0.248369722182;;;
6;coeficiente_linear_auto_correlacao;10/2022;0.850247612063;;;;
6;coeficiente_linear_auto_correlacao;11/2022;0.372201486839;0.315099673132;;;
6;coeficiente_linear_auto_correlacao;12/2022;0.770334593460;;;;
6;coeficiente_linear_auto_correlacao;01/2023;0.883981178920;;;;
6;coeficiente_linear_auto_correlacao;02/2023;0.549612962484;;;;
6;coeficiente_linear_auto_correlacao;03/2023;0.387635555495;0.170078642669;;;
6;coeficiente_linear_auto_correlacao;04/2023;0.310550334044;0.183261943405;;;
6;coeficiente_linear_auto_correlacao;05/2023;0.589668567425;;;;
6;coeficiente_linear_auto_correlacao;06/2023;1.316782921234;;;;
6;coeficiente_linear_auto_correlacao;07/2023;0.372489040897;;;;
6;coeficiente_linear_auto_correlacao;08/2023;0.625721010851;;;;
6;coeficiente_linear_auto_correlacao;09/2023;0.792577354793;0.248369722182;;;
6;coeficiente_linear_auto_correlacao;10/2023;0.850247612063;;;;
6;coeficiente_linear_auto_correlacao;11/2023;0.372201486839;0.315099673132;;;
6;coeficiente_linear_auto_correlacao;12/2023;0.770334593460;;;;
6;coeficiente_linear_auto_correlacao;01/2024;0.883981178920;;;;
6;coeficiente_linear_auto_correlacao;02/2024;0.549612962484;;;;
6;coeficiente_linear_auto_correlacao;03/2024;0.387635555495;0.170078642669;;;
6;coeficiente_linear_auto_correlacao;04/2024;0.310550334044;0.183261943405;;;
6;coeficiente_linear_auto_correlacao;05/2024;0.589668567425;;;;
6;coeficiente_linear_auto_correlacao;06/2024;1.316782921234;;;;
6;coeficiente_linear_auto_correlacao;07/2024;0.372489040897;;;;
6;coeficiente_linear_auto_correlacao;08/2024;0.625721010851;;;;
6;coeficiente_linear_auto_correlacao;09/2024;0.792577354793;0.248369722182;;;
6;coeficiente_linear_auto_correlacao;10/2024;0.850247612063;;;;
6;coeficiente_linear_auto_correlacao;11/2024;0.372201486839;0.315099673132;;;
6;coeficiente_linear_auto_correlacao;12/2024;0.770334593460;;;;
7;coeficiente_linear_auto_correlacao;01/2020;0.686469730249;;;;
7;coeficiente_linear_auto_correlacao;02/2020;0.386988789370;;;;
7;coeficiente_linear_auto_correlacao;03/2020;0.432080435301;;;;
7;coeficiente_linear_auto_correlacao;04/2020;0.594820101629;;;;
7;coeficiente_linear_auto_correlacao;05/2020;0.617837743356;;;;
7;coeficiente_linear_auto_correlacao;06/2020;1.053703779328;;;;
7;coeficiente_linear_auto_correlacao;07/2020;0.405175394173;;;;
7;coeficiente_linear_auto_correlacao;08/2020;0.466256499877;;;;
7;coeficiente_linear_auto_correlacao;09/2020;0.834140792634;0.217452931214;;;
7;coeficiente_linear_auto_correlacao;10/2020;0.780042195866;;;;
7;coeficiente_linear_auto_correlacao;11/2020;0.424823629230;;;;
7;coeficiente_linear_auto_correlacao;12/2020;0.720563213439;;;;
7;coeficiente_linear_auto_correlacao;01/2021;0.686469730249;;;;
7;coeficiente_linear_auto_correlacao;02/2021;0.386988789370;;;;
7;coeficiente_linear_auto_correlacao;03/2021;0.432080435301;;;;
7;coeficiente_linear_auto_correlacao;04/2021;0.594820101629;;;;
7;coeficiente_linear_auto_correlacao;05/2021;0.617837743356;;;;
7;coeficiente_linear_auto_correlacao;06/2021;1.053703779328;;;;
7;coeficiente_linear_auto_correlacao;07/2021;0.405175394173;;;;
7;coeficiente_linear_auto_correlacao;08/2021;0.466256499877;;;;
7;coeficiente_linear_auto_correlacao;09/2021;0.834140792634;0.217452931214;;;
7;coeficiente_linear_auto_correlacao;10/2021;0.780042195866;;;;
7;coeficiente_linear_auto_correlacao;11/2021;0.424823629230;;;;
7;coeficiente_linear_auto_correlacao;12/2021;0.720563213439;;;;
7;coeficiente_linear_auto_correlacao;01/2022;0.686469730249;;;;
7;coeficiente_linear_auto_correlacao;02/2022;0.386988789370;;;;
7;coeficiente_linear_auto_correlacao;03/2022;0.432080435301;;;;
7;coeficiente_linear_auto_correlacao;04/2022;0.594820101629;;;;
7;coeficiente_linear_auto_correlacao;05/2022;0.617837743356;;;;
7;coeficiente_linear_auto_correlacao;06/2022;1.053703779328;;;;
7;coeficiente_linear_auto_correlacao;07/2022;0.405175394173;;;;
7;coeficiente_linear_auto_correlacao;08/2022;0.466256499877;;;;
7;coeficiente_linear_auto_correlacao;09/2022;0.834140792634;0.217452931214;;;
7;coeficiente_linear_auto_correlacao;10/2022;0.780042195866;;;;
7;coeficiente_linear_auto_correlacao;11/2022;0.424823629230;;;;
7;coeficiente_linear_auto_correlacao;12/2022;0.720563213439;;;;
7;coeficiente_linear_auto_correlacao;01/2023;0.686469730249;;;;
7;coeficiente_linear_auto_correlacao;02/2023;0.386988789370;;;;
7;coeficiente_linear_auto_correlacao;03/2023;0.432080435301;;;;
7;coeficiente_linear_auto_correlacao;04/2023;0.594820101629;;;;
7;coeficiente_linear_auto_correlacao;05/2023;0.617837743356;;;;
7;coeficiente_linear_auto_correlacao;06/2023;1.053703779328;;;;
7;coeficiente_linear_auto_correlacao;07/2023;0.405175394173;;;;
7;coeficiente_linear_auto_correlacao;08/2023;0.466256499877;;;;
7;coeficiente_linear_auto_correlacao;09/2023;0.834140792634;0.217452931214;;;
7;coeficiente_linear_auto_correlacao;10/2023;0.780042195866;;;;
7;coeficiente_linear_auto_correlacao;11/2023;0.424823629230;;;;
7;coeficiente_linear_auto_correlacao;12/2023;0.720563213439;;;;
7;coeficiente_linear_auto_correlacao;01/2024;0.686469730249;;;;
7;coeficiente_linear_auto_correlacao;02/2024;0.386988789370;;;;
7;coeficiente_linear_auto_correlacao;03/2024;0.432080435301;;;;
7;coeficiente_linear_auto_correlacao;04/2024;0.594820101629;;;;
7;coeficiente_linear_auto_correlacao;05/2024;0.617837743356;;;;
7;coeficiente_linear_auto_correlacao;06/2024;1.053703779328;;;;
7;coeficiente_linear_auto_correlacao;07/2024;0.405175394173;;;;
7;coeficiente_linear_auto_correlacao;08/2024;0.466256499877;;;;
7;coeficiente_linear_auto_correlacao;09/2024;0.834140792634;0.217452931214;;;
7;coeficiente_linear_auto_correlacao;10/2024;0.780042195866;;;;
7;coeficiente_linear_auto_correlacao;11/2024;0.424823629230;;;;
7;coeficiente_linear_auto_correlacao;12/2024;0.720563213439;;;;
8;coeficiente_linear_auto_correlacao;01/2020;0.384314515850;0.964830543886;;;
8;coeficiente_linear_auto_correlacao;02/2020;0.643108106244;;;;
8;coeficiente_linear_auto_correlacao;03/2020;0.411741819325;;;;
8;coeficiente_linear_auto_correlacao;04/2020;0.400715418143;0.194225039135;;;
8;coeficiente_linear_auto_correlacao;05/2020;0.593861976056;;;;
8;coeficiente_linear_auto_correlacao;06/2020;0.956118950124;;;;
8;coeficiente_linear_auto_correlacao;07/2020;0.410466060539;0.241058548618;;;
8;coeficiente_linear_auto_correlacao;08/2020;0.730127407684;;;;
8;coeficiente_linear_auto_correlacao;09/2020;0.983171215764;;;;
8;coeficiente_linear_auto_correlacao;10/2020;0.798243806256;;;;
8;coeficiente_linear_auto_correlacao;11/2020;0.573785612990;0.224557730161;;;
8;coeficiente_linear_auto_correlacao;12/2020;0.975254263141;;;;
8;coeficiente_linear_auto_correlacao;01/2021;0.384314515850;0.964830543886;;;
8;coeficiente_linear_auto_correlacao;02/2021;0.643108106244;;;;
8;coeficiente_linear_auto_correlacao;03/2021;0.411741819325;;;;
8;coeficiente_linear_auto_correlacao;04/2021;0.400715418143;0.194225039135;;;
8;coeficiente_linear_auto_correlacao;05/2021;0.593861976056;;;;
8;coeficiente_linear_auto_correlacao;06/2021;0.956118950124;;;;
8;coeficiente_linear_auto_correlacao;07/2021;0.410466060539;0.241058548618;;;
8;coeficiente_linear_auto_correlacao;08/2021;0.730127407684;;;;
8;coeficiente_linear_auto_correlacao;09/2021;0.983171215764;;;;
8;coeficiente_linear_auto_correlacao;10/2021;0.798243806256;;;;
8;coeficiente_linear_auto_correlacao;11/2021;0.573785612990;0.224557730161;;;
8;coeficiente_linear_auto_correlacao;12/2021;0.975254263141;;;;
8;coeficiente_linear_auto_correlacao;01/2022;0.384314515850;0.964830543886;;;
8;coeficiente_linear_auto_correlacao;02/2022;0.643108106244;;;;
8;coeficiente_linear_auto_correlacao;03/2022;0.411741819325;;;;
8;coeficiente_linear_auto_correlacao;04/2022;0.400715418143;0.194225039135;;;
8;coeficiente_linear_auto_correlacao;05/2022;0.593861976056;;;;
8;coeficiente_linear_auto_correlacao;06/2022;0.956118950124;;;;
8;coeficiente_linear_auto_correlacao;07/2022;0.410466060539;0.241058548618;;;
8;coeficiente_linear_auto_correlacao;08/2022;0.730127407684;;;;
8;coeficiente_linear_auto_correlacao;09/2022;0.983171215764;;;;
8;coeficiente_linear_auto_correlacao;10/2022;0.798243806256;;;;
8;coeficiente_linear_auto_correlacao;11/2022;0.573785612990;0.224557730161;;;
8;coeficiente_linear_auto_correlacao;12/2022;0.975254263141;;;;
8;coeficiente_linear_auto_correlacao;01/2023;0.384314515850;0.964830543886;;;
8;coeficiente_linear_auto_correlacao;02/2023;0.643108106244;;;;
8;coeficiente_linear_auto_correlacao;03/2023;0.411741819325;;;;
8;coeficiente_linear_auto_correlacao;04/2023;0.400715418143;0.194225039135;;;
8;coeficiente_linear_auto_correlacao;05/2023;0.593861976056;;;;
8;coeficiente_linear_auto_correlacao;06/2023;0.956118950124;;;;
8;coeficiente_linear_auto_correlacao;07/2023;0.410466060539;0.241058548618;;;
8;coeficiente_linear_auto_correlacao;08/2023;0.730127407684;;;;
8;coeficiente_linear_auto_correlacao;09/2023;0.983171215764;;;;
8;coeficiente_linear_auto_correlacao;10/2023;0.798243806256;;;;
8;coeficiente_linear_auto_correlacao;11/2023;0.573785612990;0.224557730161;;;
8;coeficiente_linear_auto_correlacao;12/2023;0.975254263141;;;;
8;coeficiente_linear_auto_correlacao;01/2024;0.384314515850;0.964830543886;;;
8;coeficiente_linear_auto_correlacao;02/2024;0.643108106244;;;;
8;coeficiente_linear_auto_correlacao;03/2024;0.411741819325;;;;
8;coeficiente_linear_auto_correlacao;04/2024;0.400715418143;0.194225039135;;;
8;coeficiente_linear_auto_correlacao;05/2024;0.593861976056;;;;
8;coeficiente_linear_auto_correlacao;06/2024;0.956118950124;;;;
8;coeficiente_linear_auto_correlacao;07/2024;0.410466060539;0.241058548618;;;
8;coeficiente_linear_auto_correlacao;08/2024;0.730127407684;;;;
8;coeficiente_linear_auto_correlacao;09/2024;0.983171215764;;;;
8;coeficiente_linear_auto_correlacao;10/2024;0.798243806256;;;;
8;coeficiente_linear_auto_correlacao;11/2024;0.573785612990;0.224557730161;;;
8;coeficiente_linear_auto_correlacao;12/2024;0.975254263141;;;;
9;coeficiente_linear_auto_correlacao;01/2020;0.786097565205;;;;
9;coeficiente_linear_auto_correlacao;02/2020;0.431177310617;;;;
9;coeficiente_linear_auto_correlacao;03/2020;0.588051803168;;;;
9;coeficiente_linear_auto_correlacao;04/2020;0.412749275678;;;;
9;coeficiente_linear_auto_correlacao;05/2020;0.485184855779;;;;
9;coeficiente_linear_auto_correlacao;06/2020;0.812151780163;;;;
9;coeficiente_linear_auto_correlacao;07/2020;0.366527345758;0.281406188943;;;
9;coeficiente_linear_auto_correlacao;08/2020;0.668612583952;;;;
9;coeficiente_linear_auto_correlacao;09/2020;0.505647897577;0.555652589837;;;
9;coeficiente_linear_auto_correlacao;10/2020;0.621516606696;0.413693763571;;;
9;coeficiente_linear_auto_correlacao;11/2020;0.882506480813;;;;
9;coeficiente_linear_auto_correlacao;12/2020;0.988170179811;;;;
9;coeficiente_linear_auto_correlacao;01/2021;0.786097565205;;;;
9;coeficiente_linear_auto_correlacao;02/2021;0.431177310617;;;;
9;coeficiente_linear_auto_correlacao;03/2021;0.588051803168;;;;
9;coeficiente_linear_auto_correlacao;04/2021;0.412749275678;;;;
9;coeficiente_linear_auto_correlacao;05/2021;0.485184855779;;;;
9;coeficiente_linear_auto_correlacao;06/2021;0.812151780163;;;;
9;coeficiente_linear_auto_correlacao;07/2021;0.366527345758;0.281406188943;;;
9;coeficiente_linear_auto_correlacao;08/2021;0.668612583952;;;;
9;coeficiente_linear_auto_correlacao;09/2021;0.505647897577;0.555652589837;;;
9;coeficiente_linear_auto_correlacao;10/2021;0.621516606696;0.413693763571;;;
9;coeficiente_linear_auto_correlacao;11/2021;0.882506480813;;;;
9;coeficiente_linear_auto_correlacao;12/2021;0.988170179811;;;;
9;coeficiente_linear_auto_correlacao;01/2022;0.786097565205;;;;
9;coeficiente_linear_auto_correlacao;02/2022;0.431177310617;;;;
9;coeficiente_linear_auto_correlacao;03/2022;0.588051803168;;;;
9;coeficiente_linear_auto_correlacao;04/2022;0.412749275678;;;;
9;coeficiente_linear_auto_correlacao;05/2022;0.485184855779;;;;
9;coeficiente_linear_auto_correlacao;06/2022;0.812151780163;;;;
9;coeficiente_linear_auto_correlacao;07/2022;0.366527345758;0.281406188943;;;
9;coeficiente_linear_auto_correlacao;08/2022;0.668612583952;;;;
9;coeficiente_linear_auto_correlacao;09/2022;0.505647897577;0.555652589837;;;
9;coeficiente_linear_auto_correlacao;10/2022;0.621516606696;0.413693763571;;;
9;coeficiente_linear_auto_correlacao;11/2022;0.882506480813;;;;
9;coeficiente_linear_auto_correlacao;12/2022;0.988170179811;;;;
9;coeficiente_linear_auto_correlacao;01/2023;0.786097565205;;;;
9;coeficiente_linear_auto_correlacao;02/2023;0.431177310617;;;;
9;coeficiente_linear_auto_correlacao;03/2023;0.588051803168;;;;
9;coeficiente_linear_auto_correlacao;04/2023;0.412749275678;;;;
9;coeficiente_linear_auto_correlacao;05/2023;0.485184855779;;;;
9;coeficiente_linear_auto_correlacao;06/2023;0.812151780163;;;;
9;coeficiente_linear_auto_correlacao;07/2023;0.366527345758;0.281406188943;;;
9;coeficiente_linear_auto_correlacao;08/2023;0.668612583952;;;;
9;coeficiente_linear_auto_correlacao;09/2023;0.505647897577;0.555652589837;;;
9;coeficiente_linear_auto_correlacao;10/2023;0.621516606696;0.413693763571;;;
9;coeficiente_linear_auto_correlacao;11/2023;0.882506480813;;;;
9;coeficiente_linear_auto_correlacao;12/2023;0.988170179811;;;;
9;coeficiente_linear_auto_correlacao;01/2024;0.786097565205;;;;
9;coeficiente_linear_auto_correlacao;02/2024;0.431177310617;;;;
9;coeficiente_linear_auto_correlacao;03/2024;0.588051803168;;;;
9;coeficiente_linear_auto_correlacao;04/2024;0.412749275678;;;;
9;coeficiente_linear_auto_correlacao;05/2024;0.485184855779;;;;
9;coeficiente_linear_auto_correlacao;06/2024;0.812151780163;;;;
9;coeficiente_linear_auto_correlacao;07/2024;0.366527345758;0.281406188943;;;
9;coeficiente_linear_auto_correlacao;08/2024;0.668612583952;;;;
9;coeficiente_linear_auto_correlacao;09/2024;0.505647897577;0.555652589837;;;
9;coeficiente_linear_auto_correlacao;10/2024;0.621516606696;0.413693763571;;;
9;coeficiente_linear_auto_correlacao;11/2024;0.882506480813;;;;
9;coeficiente_linear_auto_correlacao;12/2024;0.988170179811;;;;
10;coeficiente_linear_auto_correlacao;01/2020;1.281719582992;;;;
10;coeficiente_linear_auto_correlacao;02/2020;1.051990688247;-0.734450154490;;;
10;coeficiente_linear_auto_correlacao;03/2020;0.768416039264;;;;
10;coeficiente_linear_auto_correlacao;04/2020;0.689105351399;;;;
10;coeficiente_linear_auto_correlacao;05/2020;0.763241000073;-0.186941780382;;;
10;coeficiente_linear_auto_correlacao;06/2020;0.408555920198;;;;
10;coeficiente_linear_auto_correlacao;07/2020;0.614219445506;-0.086986747962;;;
10;coeficiente_linear_auto_correlacao;08/2020;0.919080657747;-0.111866981565;;;
10;coeficiente_linear_auto_correlacao;09/2020;1.135873908486;-0.457543483125;0.075740426221;;
10;coeficiente_linear_auto_correlacao;10/2020;0.710153157152;0.312102092988;;;
10;coeficiente_linear_auto_correlacao;11/2020;1.393394798897;;;;
10;coeficiente_linear_auto_correlacao;12/2020;1.596655348897;;;;
10;coeficiente_linear_auto_correlacao;01/2021;1.281719582992;;;;
10;coeficiente_linear_auto_correlacao;02/2021;1.051990688247;-0.734450154490;;;
10;coeficiente_linear_auto_correlacao;03/2021;0.768416039264;;;;
10;coeficiente_linear_auto_correlacao;04/2021;0.689105351399;;;;
10;coeficiente_linear_auto_correlacao;05/2021;0.763241000073;-0.186941780382;;;
10;coeficiente_linear_auto_correlacao;06/2021;0.408555920198;;;;
10;coeficiente_linear_auto_correlacao;07/2021;0.614219445506;-0.086986747962;;;
10;coeficiente_linear_auto_correlacao;08/2021;0.919080657747;-0.111866981565;;;
10;coeficiente_linear_auto_correlacao;09/2021;1.135873908486;-0.457543483125;0.075740426221;;
10;coeficiente_linear_auto_correlacao;10/2021;0.710153157152;0.312102092988;;;
10;coeficiente_linear_auto_correlacao;11/2021;1.393394798897;;;;
10;coeficiente_linear_auto_correlacao;12/2021;1.596655348897;;;;
10;coeficiente_linear_auto_correlacao;01/2022;1.281719582992;;;;
10;coeficiente_linear_auto_correlacao;02/2022;1.051990688247;-0.734450154490;;;
10;coeficiente_linear_auto_correlacao;03/2022;0.768416039264;;;;
10;coeficiente_linear_auto_correlacao;04/2022;0.689105351399;;;;
10;coeficiente_linear_auto_correlacao;05/2022;0.763241000073;-0.186941780382;;;
10;coeficiente_linear_auto_correlacao;06/2022;0.408555920198;;;;
10;coeficiente_linear_auto_correlacao;07/2022;0.614219445506;-0.086986747962;;;
10;coeficiente_linear_auto_correlacao;08/2022;0.919080657747;-0.111866981565;;;
10;coeficiente_linear_auto_correlacao;09/2022;1.135873908486;-0.457543483125;0.075740426221;;
10;coeficiente_linear_auto_correlacao;10/2022;0.710153157152;0.312102092988;;;
10;coeficiente_linear_auto_correlacao;11/2022;1.393394798897;;;;
10;coeficiente_linear_auto_correlacao;12/2022;1.596655348897;;;;
10;coeficiente_linear_auto_correlacao;01/2023;1.281719582992;;;;
10;coeficiente_linear_auto_correlacao;02/2023;1.051990688247;-0.734450154490;;;
10;coeficiente_linear_auto_correlacao;03/2023;0.768416039264;;;;
10;coeficiente_linear_auto_correlacao;04/2023;0.689105351399;;;;
10;coeficiente_linear_auto_correlacao;05/2023;0.763241000073;-0.186941780382;;;
10;coeficiente_linear_auto_correlacao;06/2023;0.408555920198;;;;
10;coeficiente_linear_auto_correlacao;07/2023;0.614219445506;-0.086986747962;;;
10;coeficiente_linear_auto_correlacao;08/2023;0.919080657747;-0.111866981565;;;
10;coeficiente_linear_auto_correlacao;09/2023;1.135873908486;-0.457543483125;0.075740426221;;
10;coeficiente_linear_auto_correlacao;10/2023;0.710153157152;0.312102092988;;;
10;coeficiente_linear_auto_correlacao;11/2023;1.393394798897;;;;
10;coeficiente_linear_auto_correlacao;12/2023;1.596655348897;;;;
10;coeficiente_linear_auto_correlacao;01/2024;1.281719582992;;;;
10;coeficiente_linear_auto_correlacao;02/2024;1.051990688247;-0.734450154490;;;
10;coeficiente_linear_auto_correlacao;03/2024;0.768416039264;;;;
10;coeficiente_linear_auto_correlacao;04/2024;0.689105351399;;;;
10;coeficiente_linear_auto_correlacao;05/2024;0.763241000073;-0.186941780382;;;
10;coeficiente_linear_auto_correlacao;06/2024;0.408555920198;;;;
10;coeficiente_linear_auto_correlacao;07/2024;0.614219445506;-0.086986747962;;;
10;coeficiente_linear_auto_correlacao;08/2024;0.919080657747;-0.111866981565;;;
10;coeficiente_linear_auto_correlacao;09/2024;1.135873908486;-0.457543483125;0.075740426221;;
10;coeficiente_linear_auto_correlacao;10/2024;0.710153157152;0.312102092988;;;
10;coeficiente_linear_auto_correlacao;11/2024;1.393394798897;;;;
10;coeficiente_linear_auto_correlacao;12/2024;1.596655348897;;;;
11;coeficiente_linear_auto_correlacao;01/2020;0.475147398399;0.585459647600;;;
11;coeficiente_linear_auto_correlacao;02/2020;0.468847787824;;;;
11;coeficiente_linear_auto_correlacao;03/2020;0.173360047243;0.319658879411;;;
11;coeficiente_linear_auto_correlacao;04/2020;0.477893355033;;;;
11;coeficiente_linear_auto_correlacao;05/2020;0.360356228156;;;;
11;coeficiente_linear_auto_correlacao;06/2020;0.609995574546;;;;
11;coeficiente_linear_auto_correlacao;07/2020;0.600337138482;0.157833309628;;;
11;coeficiente_linear_auto_correlacao;08/2020;0.553551258480;0.267945933855;;;
11;coeficiente_linear_auto_correlacao;09/2020;0.647960757718;0.298069030234;;;
11;coeficiente_linear_auto_correlacao;10/2020;0.374190235346;0.059370273426;0.411673604231;;
11;coeficiente_linear_auto_correlacao;11/2020;0.752566307738;;;;
11;coeficiente_linear_auto_correlacao;12/2020;0.979811551937;;;;
11;coeficiente_linear_auto_correlacao;01/2021;0.475147398399;0.585459647600;;;
11;coeficiente_linear_auto_correlacao;02/2021;0.468847787824;;;;
11;coeficiente_linear_auto_correlacao;03/2021;0.173360047243;0.319658879411;;;
11;coeficiente_linear_auto_correlacao;04/2021;0.477893355033;;;;
11;coeficiente_linear_auto_correlacao;05/2021;0.360356228156;;;;
11;coeficiente_linear_auto_correlacao;06/2021;0.609995574546;;;;
11;coeficiente_linear_auto_correlacao;07/2021;0.600337138482;0.157833309628;;;
11;coeficiente_linear_auto_correlacao;08/2021;0.553551258480;0.267945933855;;;
11;coeficiente_linear_auto_correlacao;09/2021;0.647960757718;0.298069030234;;;
11;coeficiente_linear_auto_correlacao;10/2021;0.374190235346;0.059370273426;0.411673604231;;
11;coeficiente_linear_auto_correlacao;11/2021;0.752566307738;;;;
11;coeficiente_linear_auto_correlacao;12/2021;0.979811551937;;;;
11;coeficiente_linear_auto_correlacao;01/2022;0.475147398399;0.585459647600;;;
11;coeficiente_linear_auto_correlacao;02/2022;0.468847787824;;;;
11;coeficiente_linear_auto_correlacao;03/2022;0.173360047243;0.319658879411;;;
11;coeficiente_linear_auto_correlacao;04/2022;0.477893355033;;;;
11;coeficiente_linear_auto_correlacao;05/2022;0.360356228156;;;;
11;coeficiente_linear_auto_correlacao;06/2022;0.609995574546;;;;
11;coeficiente_linear_auto_correlacao;07/2022;0.600337138482;0.157833309628;;;
11;coeficiente_linear_auto_correlacao;08/2022;0.553551258480;0.267945933855;;;
11;coeficiente_linear_auto_correlacao;09/2022;0.647960757718;0.298069030234;;;
11;coeficiente_linear_auto_correlacao;10/2022;0.374190235346;0.059370273426;0.411673604231;;
11;coeficiente_linear_auto_correlacao;11/2022;0.752566307738;;;;
11;coeficiente_linear_auto_correlacao;12/2022;0.979811551937;;;;
11;coeficiente_linear_auto_correlacao;01/2023;0.475147398399;0.585459647600;;;
11;coeficiente_linear_auto_correlacao;02/2023;0.468847787824;;;;
11;coeficiente_linear_auto_correlacao;03/2023;0.173360047243;0.319658879411;;;
11;coeficiente_linear_auto_correlacao;04/2023;0.477893355033;;;;
11;coeficiente_linear_auto_correlacao;05/2023;0.360356228156;;;;
11;coeficiente_linear_auto_correlacao;06/2023;0.609995574546;;;;
11;coeficiente_linear_auto_correlacao;07/2023;0.600337138482;0.157833309628;;;
11;coeficiente_linear_auto_correlacao;08/2023;0.553551258480;0.267945933855;;;
11;coeficiente_linear_auto_correlacao;09/2023;0.647960757718;0.298069030234;;;
11;coeficiente_linear_auto_correlacao;10/2023;0.374190235346;0.059370273426;0.411673604231;;
11;coeficiente_linear_auto_correlacao;11/2023;0.752566307738;;;;
11;coeficiente_linear_auto_correlacao;12/2023;0.979811551937;;;;
11;coeficiente_linear_auto_correlacao;01/2024;0.475147398399;0.585459647600;;;
11;coeficiente_linear_auto_correlacao;02/2024;0.468847787824;;;;
11;coeficiente_linear_auto_correlacao;03/2024;0.173360047243;0.319658879411;;;
11;coeficiente_linear_auto_correlacao;04/2024;0.477893355033;;;;
11;coeficiente_linear_auto_correlacao;05/2024;0.360356228156;;;;
11;coeficiente_linear_auto_correlacao;06/2024;0.609995574546;;;;
11;coeficiente_linear_auto_correlacao;07/2024;0.600337138482;0.157833309628;;;
11;coeficiente_linear_auto_correlacao;08/2024;0.553551258480;0.267945933855;;;
11;coeficiente_linear_auto_correlacao;09/2024;0.647960757718;0.298069030234;;;
11;coeficiente_linear_auto_correlacao;10/2024;0.374190235346;0.059370273426;0.411673604231;;
11;coeficiente_linear_auto_correlacao;11/2024;0.752566307738;;;;
11;coeficiente_linear_auto_correlacao;12/2024;0.979811551937;;;;
12;coeficiente_linear_auto_correlacao;01/2020;1.059929116428;-0.327024893961;;;
12;coeficiente_linear_auto_correlacao;02/2020;0.969405646083;;;;
12;coeficiente_linear_auto_correlacao;03/2020;0.865129515191;;;;
12;coeficiente_linear_auto_correlacao;04/2020;0.893836992256;;;;
12;coeficiente_linear_auto_correlacao;05/2020;0.764455786028;;;;
12;coeficiente_linear_auto_correlacao;06/2020;1.026205936138;-0.280169488438;;;
12;coeficiente_linear_auto_correlacao;07/2020;0.958100304911;-0.236233465707;;;
12;coeficiente_linear_auto_correlacao;08/2020;0.592071004143;;;;
12;coeficiente_linear_auto_correlacao;09/2020;1.032714383033;-0.247861189729;;;
12;coeficiente_linear_auto_correlacao;10/2020;0.805895809988;;;;
12;coeficiente_linear_auto_correlacao;11/2020;0.835200913288;;;;
12;coeficiente_linear_auto_correlacao;12/2020;1.010317321300;;;;
12;coeficiente_linear_auto_correlacao;01/2021;1.059929116428;-0.327024893961;;;
12;coeficiente_linear_auto_correlacao;02/2021;0.969405646083;;;;
12;coeficiente_linear_auto_correlacao;03/2021;0.865129515191;;;;
12;coeficiente_linear_auto_correlacao;04/2021;0.893836992256;;;;
12;coeficiente_linear_auto_correlacao;05/2021;0.764455786028;;;;
12;coeficiente_linear_auto_correlacao;06/2021;1.026205936138;-0.280169488438;;;
12;coeficiente_linear_auto_correlacao;07/2021;0.958100304911;-0.236233465707;;;
12;coeficiente_linear_auto_correlacao;08/2021;0.592071004143;;;;
12;coeficiente_linear_auto_correlacao;09/2021;1.032714383033;-0.247861189729;;;
12;coeficiente_linear_auto_correlacao;10/2021;0.805895809988;;;;
12;coeficiente_linear_auto_correlacao;11/2021;0.835200913288;;;;
12;coeficiente_linear_auto_correlacao;12/2021;1.010317321300;;;;
12;coeficiente_linear_auto_correlacao;01/2022;1.059929116428;-0.327024893961;;;
12;coeficiente_linear_auto_correlacao;02/2022;0.969405646083;;;;
12;coeficiente_linear_auto_correlacao;03/2022;0.865129515191;;;;
12;coeficiente_linear_auto_correlacao;04/2022;0.893836992256;;;;
12;coeficiente_linear_auto_correlacao;05/2022;0.764455786028;;;;
12;coeficiente_linear_auto_correlacao;06/2022;1.026205936138;-0.280169488438;;;
12;coeficiente_linear_auto_correlacao;07/2022;0.958100304911;-0.236233465707;;;
12;coeficiente_linear_auto_correlacao;08/2022;0.592071004143;;;;
12;coeficiente_linear_auto_correlacao;09/2022;1.032714383033;-0.247861189729;;;
12;coeficiente_linear_auto_correlacao;10/2022;0.805895809988;;;;
12;coeficiente_linear_auto_correlacao;11/2022;0.835200913288;;;;
12;coeficiente_linear_auto_correlacao;12/2022;1.010317321300;;;;
12;coeficiente_linear_auto_correlacao;01/2023;1.059929116428;-0.327024893961;;;
12;coeficiente_linear_auto_correlacao;02/2023;0.969405646083;;;;
12;coeficiente_linear_auto_correlacao;03/2023;0.865129515191;;;;
12;coeficiente_linear_auto_correlacao;04/2023;0.893836992256;;;;
12;coeficiente_linear_auto_correlacao;05/2023;0.764455786028;;;;
12;coeficiente_linear_auto_correlacao;06/2023;1.026205936138;-0.280169488438;;;
12;coeficiente_linear_auto_correlacao;07/2023;0.958100304911;-0.236233465707;;;
12;coeficiente_linear_auto_correlacao;08/2023;0.592071004143;;;;
12;coeficiente_linear_auto_correlacao;09/2023;1.032714383033;-0.247861189729;;;
12;coeficiente_linear_auto_correlacao;10/2023;0.805895809988;;;;
12;coeficiente_linear_auto_correlacao;11/2023;0.835200913288;;;;
12;coeficiente_linear_auto_correlacao;12/2023;1.010317321300;;;;
12;coeficiente_linear_auto_correlacao;01/2024;1.059929116428;-0.327024893961;;;
12;coeficiente_linear_auto_correlacao;02/2024;0.969405646083;;;;
12;coeficiente_linear_auto_correlacao;03/2024;0.865129515191;;;;
12;coeficiente_linear_auto_correlacao;04/2024;0.893836992256;;;;
12;coeficiente_linear_auto_correlacao;05/2024;0.764455786028;;;;
12;coeficiente_linear_auto_correlacao;06/2024;1.026205936138;-0.280169488438;;;
12;coeficiente_linear_auto_correlacao;07/2024;0.958100304911;-0.236233465707;;;
12;coeficiente_linear_auto_correlacao;08/2024;0.592071004143;;;;
12;coeficiente_linear_auto_correlacao;09/2024;1.032714383033;-0.247861189729;;;
12;coeficiente_linear_auto_correlacao;10/2024;0.805895809988;;;;
12;coeficiente_linear_auto_correlacao;11/2024;0.835200913288;;;;
12;coeficiente_linear_auto_correlacao;12/2024;1.010317321300;;;;
13;coeficiente_linear_auto_correlacao;01/2020;0.346103494544;;;;
13;coeficiente_linear_auto_correlacao;02/2020;0.813013026875;;;;
13;coeficiente_linear_auto_correlacao;03/2020;0.449655405594;;;;
13;coeficiente_linear_auto_correlacao;04/2020;0.417911052494;0.297431299380;;;
13;coeficiente_linear_auto_correlacao;05/2020;0.938267282455;;;;
13;coeficiente_linear_auto_correlacao;06/2020;0.577945173250;;;;
13;coeficiente_linear_auto_correlacao;07/2020;0.251768700965;0.489453394598;;;
13;coeficiente_linear_auto_correlacao;08/2020;0.400825773103;;;;
13;coeficiente_linear_auto_correlacao;09/2020;0.479977882134;;;;
13;coeficiente_linear_auto_correlacao;10/2020;0.367314904459;;;;
13;coeficiente_linear_auto_correlacao;11/2020;0.445450401306;;;;
13;coeficiente_linear_auto_correlacao;12/2020;0.330955478330;;;;
13;coeficiente_linear_auto_correlacao;01/2021;0.346103494544;;;;
13;coeficiente_linear_auto_correlacao;02/2021;0.813013026875;;;;
13;coeficiente_linear_auto_correlacao;03/2021;0.449655405594;;;;
13;coeficiente_linear_auto_correlacao;04/2021;0.417911052494;0.297431299380;;;
13;coeficiente_linear_auto_correlacao;05/2021;0.938267282455;;;;
13;coeficiente_linear_auto_correlacao;06/2021;0.577945173250;;;;
13;coeficiente_linear_auto_correlacao;07/2021;0.251768700965;0.489453394598;;;
13;coeficiente_linear_auto_correlacao;08/2021;0.400825773103;;;;
13;coeficiente_linear_auto_correlacao;09/2021;0.479977882134;;;;
13;coeficiente_linear_auto_correlacao;10/2021;0.367314904459;;;;
13;coeficiente_linear_auto_correlacao;11/2021;0.445450401306;;;;
13;coeficiente_linear_auto_correlacao;12/2021;0.330955478330;;;;
13;coeficiente_linear_auto_correlacao;01/2022;0.346103494544;;;;
13;coeficiente_linear_auto_correlacao;02/2022;0.813013026875;;;;
13;coeficiente_linear_auto_correlacao;03/2022;0.449655405594;;;;
13;coeficiente_linear_auto_correlacao;04/2022;0.417911052494;0.297431299380;;;
13;coeficiente_linear_auto_correlacao;05/2022;0.938267282455;;;;
13;coeficiente_linear_auto_correlacao;06/2022;0.577945173250;;;;
13;coeficiente_linear_auto_correlacao;07/2022;0.251768700965;0.489453394598;;;
13;coeficiente_linear_auto_correlacao;08/2022;0.400825773103;;;;
13;coeficiente_linear_auto_correlacao;09/2022;0.479977882134;;;;
13;coeficiente_linear_auto_correlacao;10/2022;0.367314904459;;;;
13;coeficiente_linear_auto_correlacao;11/2022;0.445450401306;;;;
13;coeficiente_linear_auto_correlacao;12/2022;0.330955478330;;;;
13;coeficiente_linear_auto_correlacao;01/2023;0.346103494544;;;;
13;coeficiente_linear_auto_correlacao;02/2023;0.813013026875;;;;
13;coeficiente_linear_auto_correlacao;03/2023;0.449655405594;;;;
13;coeficiente_linear_auto_correlacao;04/2023;0.417911052494;0.297431299380;;;
13;coeficiente_linear_auto_correlacao;05/2023;0.938267282455;;;;
13;coeficiente_linear_auto_correlacao;06/2023;0.577945173250;;;;
13;coeficiente_linear_auto_correlacao;07/2023;0.251768700965;0.489453394598;;;
13;coeficiente_linear_auto_correlacao;08/2023;0.400825773103;;;;
13;coeficiente_linear_auto_correlacao;09/2023;0.479977882134;;;;
13;coeficiente_linear_auto_correlacao;10/2023;0.367314904459;;;;
13;coeficiente_linear_auto_correlacao;11/2023;0.445450401306;;;;
13;coeficiente_linear_auto_correlacao;12/2023;0.330955478330;;;;
13;coeficiente_linear_auto_correlacao;01/2024;0.346103494544;;;;
13;coeficiente_linear_auto_correlacao;02/2024;0.813013026875;;;;
13;coeficiente_linear_auto_correlacao;03/2024;0.449655405594;;;;
13;coeficiente_linear_auto_correlacao;04/2024;0.417911052494;0.297431299380;;;
13;coeficiente_linear_auto_correlacao;05/2024;0.938267282455;;;;
13;coeficiente_linear_auto_correlacao;06/2024;0.577945173250;;;;
13;coeficiente_linear_auto_correlacao;07/2024;0.251768700965;0.489453394598;;;
13;coeficiente_linear_auto_correlacao;08/2024;0.400825773103;;;;
13;coeficiente_linear_auto_correlacao;09/2024;0.479977882134;;;;
13;coeficiente_linear_auto_correlacao;10/2024;0.367314904459;;;;
13;coeficiente_linear_auto_correlacao;11/2024;0.445450401306;;;;
13;coeficiente_linear_auto_correlacao;12/2024;0.330955478330;;;;
14;coeficiente_linear_auto_correlacao;01/2020;0.395071482748;0.335026008187;;;
14;coeficiente_linear_auto_correlacao;02/2020;0.345583242218;0.410788346208;;;
14;coeficiente_linear_auto_correlacao;03/2020;0.168471834928;0.312880427949;0.250087302680;;
14;coeficiente_linear_auto_correlacao;04/2020;0.512413239765;0.261681877755;;;
14;coeficiente_linear_auto_correlacao;05/2020;0.800793439954;;;;
14;coeficiente_linear_auto_correlacao;06/2020;0.790020488234;;;;
14;coeficiente_linear_auto_correlacao;07/2020;0.719454218681;;;;
14;coeficiente_linear_auto_correlacao;08/2020;0.376263541066;0.183819963027;;;
14;coeficiente_linear_auto_correlacao;09/2020;0.917765825423;;;;
14;coeficiente_linear_auto_correlacao;10/2020;0.701419024701;0.399674434626;;;
14;coeficiente_linear_auto_correlacao;11/2020;0.616823913563;;;;
14;coeficiente_linear_auto_correlacao;12/2020;0.818024942563;;;;
14;coeficiente_linear_auto_correlacao;01/2021;0.395071482748;0.335026008187;;;
14;coeficiente_linear_auto_correlacao;02/2021;0.345583242218;0.410788346208;;;
14;coeficiente_linear_auto_correlacao;03/2021;0.168471834928;0.312880427949;0.250087302680;;
14;coeficiente_linear_auto_correlacao;04/2021;0.512413239765;0.261681877755;;;
14;coeficiente_linear_auto_correlacao;05/2021;0.800793439954;;;;
14;coeficiente_linear_auto_correlacao;06/2021;0.790020488234;;;;
14;coeficiente_linear_auto_correlacao;07/2021;0.719454218681;;;;
14;coeficiente_linear_auto_correlacao;08/2021;0.376263541066;0.183819963027;;;
14;coeficiente_linear_auto_correlacao;09/2021;0.917765825423;;;;
14;coeficiente_linear_auto_correlacao;10/2021;0.701419024701;0.399674434626;;;
14;coeficiente_linear_auto_correlacao;11/2021;0.616823913563;;;;
14;coeficiente_linear_auto_correlacao;12/2021;0.818024942563;;;;
14;coeficiente_linear_auto_correlacao;01/2022;0.395071482748;0.335026008187;;;
14;coeficiente_linear_auto_correlacao;02/2022;0.345583242218;0.410788346208;;;
14;coeficiente_linear_auto_correlacao;03/2022;0.168471834928;0.312880427949;0.250087302680;;
14;coeficiente_linear_auto_correlacao;04/2022;0.512413239765;0.261681877755;;;
14;coeficiente_linear_auto_correlacao;05/2022;0.800793439954;;;;
14;coeficiente_linear_auto_correlacao;06/2022;0.790020488234;;;;
14;coeficiente_linear_auto_correlacao;07/2022;0.719454218681;;;;
14;coeficiente_linear_auto_correlacao;08/2022;0.376263541066;0.183819963027;;;
14;coeficiente_linear_auto_correlacao;09/2022;0.917765825423;;;;
14;coeficiente_linear_auto_correlacao;10/2022;0.701419024701;0.399674434626;;;
14;coeficiente_linear_auto_correlacao;11/2022;0.616823913563;;;;
14;coeficiente_linear_auto_correlacao;12/2022;0.818024942563;;;;
14;coeficiente_linear_auto_correlacao;01/2023;0.395071482748;0.335026008187;;;
14;coeficiente_linear_auto_correlacao;02/2023;0.345583242218;0.410788346208;;;
14;coeficiente_linear_auto_correlacao;03/2023;0.168471834928;0.312880427949;0.250087302680;;
14;coeficiente_linear_auto_correlacao;04/2023;0.512413239765;0.261681877755;;;
14;coeficiente_linear_auto_correlacao;05/2023;0.800793439954;;;;
14;coeficiente_linear_auto_correlacao;06/2023;0.790020488234;;;;
14;coeficiente_linear_auto_correlacao;07/2023;0.719454218681;;;;
14;coeficiente_linear_auto_correlacao;08/2023;0.376263541066;0.183819963027;;;
14;coeficiente_linear_auto_correlacao;09/2023;0.917765825423;;;;
14;coeficiente_linear_auto_correlacao;10/2023;0.701419024701;0.399674434626;;;
14;coeficiente_linear_auto_correlacao;11/2023;0.616823913563;;;;
14;coeficiente_linear_auto_correlacao;12/2023;0.818024942563;;;;
14;coeficiente_linear_auto_correlacao;01/2024;0.395071482748;0.335026008187;;;
14;coeficiente_linear_auto_correlacao;02/2024;0.345583242218;0.410788346208;;;
14;coeficiente_linear_auto_correlacao;03/2024;0.168471834928;0.312880427949;0.250087302680;;
14;coeficiente_linear_auto_correlacao;04/2024;0.512413239765;0.261681877755;;;
14;coeficiente_linear_auto_correlacao;05/2024;0.800793439954;;;;
14;coeficiente_linear_auto_correlacao;06/2024;0.790020488234;;;;
14;coeficiente_linear_auto_correlacao;07/2024;0.719454218681;;;;
14;coeficiente_linear_auto_correlacao;08/2024;0.376263541066;0.183819963027;;;
14;coeficiente_linear_auto_correlacao;09/2024;0.917765825423;;;;
14;coeficiente_linear_auto_correlacao;10/2024;0.701419024701;0.399674434626;;;
14;coeficiente_linear_auto_correlacao;11/2024;0.616823913563;;;;
14;coeficiente_linear_auto_correlacao;12/2024;0.818024942563;;;;
15;coeficiente_linear_auto_correlacao;01/2020;0.215146759851;0.198736662263;;;
15;coeficiente_linear_auto_correlacao;02/2020;0.753157800588;;;;
15;coeficiente_linear_auto_correlacao;03/2020;0.422370577335;;;;
15;coeficiente_linear_auto_correlacao;04/2020;0.608312732369;;;;
15;coeficiente_linear_auto_correlacao;05/2020;1.106096575323;;;;
15;coeficiente_linear_auto_correlacao;06/2020;0.502370733078;;;;
15;coeficiente_linear_auto_correlacao;07/2020;0.397500311710;0.222387463398;;;
15;coeficiente_linear_auto_correlacao;08/2020;0.412625747813;;;;
15;coeficiente_linear_auto_correlacao;09/2020;0.356150907373;;;;
15;coeficiente_linear_auto_correlacao;10/2020;0.269505655023;;;;
15;coeficiente_linear_auto_correlacao;11/2020;0.427107405476;;;;
15;coeficiente_linear_auto_correlacao;12/2020;0.284329398236;0.133656971621;;;
15;coeficiente_linear_auto_correlacao;01/2021;0.215146759851;0.198736662263;;;
15;coeficiente_linear_auto_correlacao;02/2021;0.753157800588;;;;
15;coeficiente_linear_auto_correlacao;03/2021;0.422370577335;;;;
15;coeficiente_linear_auto_correlacao;04/2021;0.608312732369;;;;
15;coeficiente_linear_auto_correlacao;05/2021;1.106096575323;;;;
15;coeficiente_linear_auto_correlacao;06/2021;0.502370733078;;;;
15;coeficiente_linear_auto_correlacao;07/2021;0.397500311710;0.222387463398;;;
15;coeficiente_linear_auto_correlacao;08/2021;0.412625747813;;;;
15;coeficiente_linear_auto_correlacao;09/2021;0.356150907373;;;;
15;coeficiente_linear_auto_correlacao;10/2021;0.269505655023;;;;
15;coeficiente_linear_auto_correlacao;11/2021;0.427107405476;;;;
15;coeficiente_linear_auto_correlacao;12/2021;0.284329398236;0.133656971621;;;
15;coeficiente_linear_auto_correlacao;01/2022;0.215146759851;0.198736662263;;;
15;coeficiente_linear_auto_correlacao;02/2022;0.753157800588;;;;
15;coeficiente_linear_auto_correlacao;03/2022;0.422370577335;;;;
15;coeficiente_linear_auto_correlacao;04/2022;0.608312732369;;;;
15;coeficiente_linear_auto_correlacao;05/2022;1.106096575323;;;;
15;coeficiente_linear_auto_correlacao;06/2022;0.502370733078;;;;
15;coeficiente_linear_auto_correlacao;07/2022;0.397500311710;0.222387463398;;;
15;coeficiente_linear_auto_correlacao;08/2022;0.412625747813;;;;
15;coeficiente_linear_auto_correlacao;09/2022;0.356150907373;;;;
15;coeficiente_linear_auto_correlacao;10/2022;0.269505655023;;;;
15;coeficiente_linear_auto_correlacao;11/2022;0.427107405476;;;;
15;coeficiente_linear_auto_correlacao;12/2022;0.284329398236;0.133656971621;;;
15;coeficiente_linear_auto_correlacao;01/2023;0.215146759851;0.198736662263;;;
15;coeficiente_linear_auto_correlacao;02/2023;0.753157800588;;;;
15;coeficiente_linear_auto_correlacao;03/2023;0.422370577335;;;;
15;coeficiente_linear_auto_correlacao;04/2023;0.608312732369;;;;
15;coeficiente_linear_auto_correlacao;05/2023;1.106096575323;;;;
15;coeficiente_linear_auto_correlacao;06/2023;0.502370733078;;;;
15;coeficiente_linear_auto_correlacao;07/2023;0.397500311710;0.222387463398;;;
15;coeficiente_linear_auto_correlacao;08/2023;0.412625747813;;;;
15;coeficiente_linear_auto_correlacao;09/2023;0.356150907373;;;;
15;coeficiente_linear_auto_correlacao;10/2023;0.269505655023;;;;
15;coeficiente_linear_auto_correlacao;11/2023;0.427107405476;;;;
15;coeficiente_linear_auto_correlacao;12/2023;0.284329398236;0.133656971621;;;
15;coeficiente_linear_auto_correlacao;01/2024;0.215146759851;0.198736662263;;;
15;coeficiente_linear_auto_correlacao;02/2024;0.753157800588;;;;
15;coeficiente_linear_auto_correlacao;03/2024;0.422370577335;;;;
15;coeficiente_linear_auto_correlacao;04/2024;0.608312732369;;;;
15;coeficiente_linear_auto_correlacao;05/2024;1.106096575323;;;;
15;coeficiente_linear_auto_correlacao;06/2024;0.502370733078;;;;
15;coeficiente_linear_auto_correlacao;07/2024;0.397500311710;0.222387463398;;;
15;coeficiente_linear_auto_correlacao;08/2024;0.412625747813;;;;
15;coeficiente_linear_auto_correlacao;09/2024;0.356150907373;;;;
15;coeficiente_linear_auto_correlacao;10/2024;0.269505655023;;;;
15;coeficiente_linear_auto_correlacao;11/2024;0.427107405476;;;;
15;coeficiente_linear_auto_correlacao;12/2024;0.284329398236;0.133656971621;;;
16;coeficiente_linear_auto_correlacao;01/2020;0.368005474488;;;;
16;coeficiente_linear_auto_correlacao;02/2020;0.489062916998;;;;
16;coeficiente_linear_auto_correlacao;03/2020;0.482496112063;;;;
16;coeficiente_linear_auto_correlacao;04/2020;0.623983566369;;;;
16;coeficiente_linear_auto_correlacao;05/2020;0.578231163995;;;;
16;coeficiente_linear_auto_correlacao;06/2020;0.564938816253;;;;
16;coeficiente_linear_auto_correlacao;07/2020;0.431878284330;0.304377880938;;;
16;coeficiente_linear_auto_correlacao;08/2020;0.308066465272;;;;
16;coeficiente_linear_auto_correlacao;09/2020;0.813776259119;;;;
16;coeficiente_linear_auto_correlacao;10/2020;0.610759117095;;;;
16;coeficiente_linear_auto_correlacao;11/2020;0.436686148843;-0.203739975926;;;
16;coeficiente_linear_auto_correlacao;12/2020;0.441681693712;;;;
16;coeficiente_linear_auto_correlacao;01/2021;0.368005474488;;;;
16;coeficiente_linear_auto_correlacao;02/2021;0.489062916998;;;;
16;coeficiente_linear_auto_correlacao;03/2021;0.482496112063;;;;
16;coeficiente_linear_auto_correlacao;04/2021;0.623983566369;;;;
16;coeficiente_linear_auto_correlacao;05/2021;0.578231163995;;;;
16;coeficiente_linear_auto_correlacao;06/2021;0.564938816253;;;;
16;coeficiente_linear_auto_correlacao;07/2021;0.431878284330;0.304377880938;;;
16;coeficiente_linear_auto_correlacao;08/2021;0.308066465272;;;;
16;coeficiente_linear_auto_correlacao;09/2021;0.813776259119;;;;
16;coeficiente_linear_auto_correlacao;10/2021;0.610759117095;;;;
16;coeficiente_linear_auto_correlacao;11/2021;0.436686148843;-0.203739975926;;;
16;coeficiente_linear_auto_correlacao;12/2021;0.441681693712;;;;
16;coeficiente_linear_auto_correlacao;01/2022;0.368005474488;;;;
16;coeficiente_linear_auto_correlacao;02/2022;0.489062916998;;;;
16;coeficiente_linear_auto_correlacao;03/2022;0.482496112063;;;;
16;coeficiente_linear_auto_correlacao;04/2022;0.623983566369;;;;
16;coeficiente_linear_auto_correlacao;05/2022;0.578231163995;;;;
16;coeficiente_linear_auto_correlacao;06/2022;0.564938816253;;;;
16;coeficiente_linear_auto_correlacao;07/2022;0.431878284330;0.304377880938;;;
16;coeficiente_linear_auto_correlacao;08/2022;0.308066465272;;;;
16;coeficiente_linear_auto_correlacao;09/2022;0.813776259119;;;;
16;coeficiente_linear_auto_correlacao;10/2022;0.610759117095;;;;
16;coeficiente_linear_auto_correlacao;11/2022;0.436686148843;-0.203739975926;;;
16;coeficiente_linear_auto_correlacao;12/2022;0.441681693712;;;;
16;coeficiente_linear_auto_correlacao;01/2023;0.368005474488;;;;
16;coeficiente_linear_auto_correlacao;02/2023;0.489062916998;;;;
16;coeficiente_linear_auto_correlacao;03/2023;0.482496112063;;;;
16;coeficiente_linear_auto_correlacao;04/2023;0.623983566369;;;;
16;coeficiente_linear_auto_correlacao;05/2023;0.578231163995;;;;
16;coeficiente_linear_auto_correlacao;06/2023;0.564938816253;;;;
16;coeficiente_linear_auto_correlacao;07/2023;0.431878284330;0.304377880938;;;
16;coeficiente_linear_auto_correlacao;08/2023;0.308066465272;;;;
16;coeficiente_linear_auto_correlacao;09/2023;0.813776259119;;;;
16;coeficiente_linear_auto_correlacao;10/2023;0.610759117095;;;;
16;coeficiente_linear_auto_correlacao;11/2023;0.436686148843;-0.203739975926;;;
16;coeficiente_linear_auto_correlacao;12/2023;0.441681693712;;;;
16;coeficiente_linear_auto_correlacao;01/2024;0.368005474488;;;;
16;coeficiente_linear_auto_correlacao;02/2024;0.489062916998;;;;
16;coeficiente_linear_auto_correlacao;03/2024;0.482496112063;;;;
16;coeficiente_linear_auto_correlacao;04/2024;0.623983566369;;;;
16;coeficiente_linear_auto_correlacao;05/2024;0.578231163995;;;;
16;coeficiente_linear_auto_correlacao;06/2024;0.564938816253;;;;
16;coeficiente_linear_auto_correlacao;07/2024;0.431878284330;0.304377880938;;;
16;coeficiente_linear_auto_correlacao;08/2024;0.308066465272;;;;
16;coeficiente_linear_auto_correlacao;09/2024;0.813776259119;;;;
16;coeficiente_linear_auto_correlacao;10/2024;0.610759117095;;;;
16;coeficiente_linear_auto_correlacao;11/2024;0.436686148843;-0.203739975926;;;
16;coeficiente_linear_auto_correlacao;12/2024;0.441681693712;;;;
17;coeficiente_linear_auto_correlacao;01/2020;0.409297546024;;;;
17;coeficiente_linear_auto_correlacao;02/2020;0.470917680288;;;;
17;coeficiente_linear_auto_correlacao;03/2020;0.323052833843;;;;
17;coeficiente_linear_auto_correlacao;04/2020;0.406272518652;0.120377524275;;;
17;coeficiente_linear_auto_correlacao;05/2020;0.737627671669;;;;
17;coeficiente_linear_auto_correlacao;06/2020;0.495319999325;;;;
17;coeficiente_linear_auto_correlacao;07/2020;0.650703093062;0.547779834912;;;
17;coeficiente_linear_auto_correlacao;08/2020;0.413838911135;;;;
17;coeficiente_linear_auto_correlacao;09/2020;0.474370166219;;;;
17;coeficiente_linear_auto_correlacao;10/2020;0.371140269063;;;;
17;coeficiente_linear_auto_correlacao;11/2020;0.394003845498;;;;
17;coeficiente_linear_auto_correlacao;12/2020;0.349714612205;;;;
17;coeficiente_linear_auto_correlacao;01/2021;0.409297546024;;;;
17;coeficiente_linear_auto_correlacao;02/2021;0.470917680288;;;;
17;coeficiente_linear_auto_correlacao;03/2021;0.323052833843;;;;
17;coeficiente_linear_auto_correlacao;04/2021;0.406272518652;0.120377524275;;;
17;coeficiente_linear_auto_correlacao;05/2021;0.737627671669;;;;
17;coeficiente_linear_auto_correlacao;06/2021;0.495319999325;;;;
17;coeficiente_linear_auto_correlacao;07/2021;0.650703093062;0.547779834912;;;
17;coeficiente_linear_auto_correlacao;08/2021;0.413838911135;;;;
17;coeficiente_linear_auto_correlacao;09/2021;0.474370166219;;;;
17;coeficiente_linear_auto_correlacao;10/2021;0.371140269063;;;;
17;coeficiente_linear_auto_correlacao;11/2021;0.394003845498;;;;
17;coeficiente_linear_auto_correlacao;12/2021;0.349714612205;;;;
17;coeficiente_linear_auto_correlacao;01/2022;0.409297546024;;;;
17;coeficiente_linear_auto_correlacao;02/2022;0.470917680288;;;;
17;coeficiente_linear_auto_correlacao;03/2022;0.323052833843;;;;
17;coeficiente_linear_auto_correlacao;04/2022;0.406272518652;0.120377524275;;;
17;coeficiente_linear_auto_correlacao;05/2022;0.737627671669;;;;
17;coeficiente_linear_auto_correlacao;06/2022;0.495319999325;;;;
17;coeficiente_linear_auto_correlacao;07/2022;0.650703093062;0.547779834912;;;
17;coeficiente_linear_auto_correlacao;08/2022;0.413838911135;;;;
17;coeficiente_linear_auto_correlacao;09/2022;0.474370166219;;;;
17;coeficiente_linear_auto_correlacao;10/2022;0.371140269063;;;;
17;coeficiente_linear_auto_correlacao;11/2022;0.394003845498;;;;
17;coeficiente_linear_auto_correlacao;12/2022;0.349714612205;;;;
17;coeficiente_linear_auto_correlacao;01/2023;0.409297546024;;;;
17;coeficiente_linear_auto_correlacao;02/2023;0.470917680288;;;;
17;coeficiente_linear_auto_correlacao;03/2023;0.323052833843;;;;
17;coeficiente_linear_auto_correlacao;04/2023;0.406272518652;0.120377524275;;;
17;coeficiente_linear_auto_correlacao;05/2023;0.737627671669;;;;
17;coeficiente_linear_auto_correlacao;06/2023;0.495319999325;;;;
17;coeficiente_linear_auto_correlacao;07/2023;0.650703093062;0.547779834912;;;
17;coeficiente_linear_auto_correlacao;08/2023;0.413838911135;;;;
17;coeficiente_linear_auto_correlacao;09/2023;0.474370166219;;;;
17;coeficiente_linear_auto_correlacao;10/2023;0.371140269063;;;;
17;coeficiente_linear_auto_correlacao;11/2023;0.394003845498;;;;
17;coeficiente_linear_auto_correlacao;12/2023;0.349714612205;;;;
17;coeficiente_linear_auto_correlacao;01/2024;0.409297546024;;;;
17;coeficiente_linear_auto_correlacao;02/2024;0.470917680288;;;;
17;coeficiente_linear_auto_correlacao;03/2024;0.323052833843;;;;
17;coeficiente_linear_auto_correlacao;04/2024;0.406272518652;0.120377524275;;;
17;coeficiente_linear_auto_correlacao;05/2024;0.737627671669;;;;
17;coeficiente_linear_auto_correlacao;06/2024;0.495319999325;;;;
17;coeficiente_linear_auto_correlacao;07/2024;0.650703093062;0.547779834912;;;
17;coeficiente_linear_auto_correlacao;08/2024;0.413838911135;;;;
17;coeficiente_linear_auto_correlacao;09/2024;0.474370166219;;;;
17;coeficiente_linear_auto_correlacao;10/2024;0.371140269063;;;;
17;coeficiente_linear_auto_correlacao;11/2024;0.394003845498;;;;
17;coeficiente_linear_auto_correlacao;12/2024;0.349714612205;;;;
18;coeficiente_linear_auto_correlacao;01/2020;0.711093589876;;;;
18;coeficiente_linear_auto_correlacao;02/2020;0.525051072851;;;;
18;coeficiente_linear_auto_correlacao;03/2020;0.762779643906;;;;
18;coeficiente_linear_auto_correlacao;04/2020;0.659752320194;;;;
18;coeficiente_linear_auto_correlacao;05/2020;0.526752017659;;;;
18;coeficiente_linear_auto_correlacao;06/2020;0.510832660977;;;;
18;coeficiente_linear_auto_correlacao;07/2020;0.926885297211;-0.154891944069;;;
18;coeficiente_linear_auto_correlacao;08/2020;1.193728759265;-0.310391714115;;;
18;coeficiente_linear_auto_correlacao;09/2020;1.839471161930;-1.150073991412;0.262985990225;;
18;coeficiente_linear_auto_correlacao;10/2020;0.930369713342;;;;
18;coeficiente_linear_auto_correlacao;11/2020;0.637235231293;;;;
18;coeficiente_linear_auto_correlacao;12/2020;0.654645934549;;;;
18;coeficiente_linear_auto_correlacao;01/2021;0.711093589876;;;;
18;coeficiente_linear_auto_correlacao;02/2021;0.525051072851;;;;
18;coeficiente_linear_auto_correlacao;03/2021;0.762779643906;;;;
18;coeficiente_linear_auto_correlacao;04/2021;0.659752320194;;;;
18;coeficiente_linear_auto_correlacao;05/2021;0.526752017659;;;;
18;coeficiente_linear_auto_correlacao;06/2021;0.510832660977;;;;
18;coeficiente_linear_auto_correlacao;07/2021;0.926885297211;-0.154891944069;;;
18;coeficiente_linear_auto_correlacao;08/2021;1.193728759265;-0.310391714115;;;
18;coeficiente_linear_auto_correlacao;09/2021;1.839471161930;-1.150073991412;0.262985990225;;
18;coeficiente_linear_auto_correlacao;10/2021;0.930369713342;;;;
18;coeficiente_linear_auto_correlacao;11/2021;0.637235231293;;;;
18;coeficiente_linear_auto_correlacao;12/2021;0.654645934549;;;;
18;coeficiente_linear_auto_correlacao;01/2022;0.711093589876;;;;
18;coeficiente_linear_auto_correlacao;02/2022;0.525051072851;;;;
18;coeficiente_linear_auto_correlacao;03/2022;0.762779643906;;;;
18;coeficiente_linear_auto_correlacao;04/2022;0.659752320194;;;;
18;coeficiente_linear_auto_correlacao;05/2022;0.526752017659;;;;
18;coeficiente_linear_auto_correlacao;06/2022;0.510832660977;;;;
18;coeficiente_linear_auto_correlacao;07/2022;0.926885297211;-0.154891944069;;;
18;coeficiente_linear_auto_correlacao;08/2022;1.193728759265;-0.310391714115;;;
18;coeficiente_linear_auto_correlacao;09/2022;1.839471161930;-1.150073991412;0.262985990225;;
18;coeficiente_linear_auto_correlacao;10/2022;0.930369713342;;;;
18;coeficiente_linear_auto_correlacao;11/2022;0.637235231293;;;;
18;coeficiente_linear_auto_correlacao;12/2022;0.654645934549;;;;
18;coeficiente_linear_auto_correlacao;01/2023;0.711093589876;;;;
18;coeficiente_linear_auto_correlacao;02/2023;0.525051072851;;;;
18;coeficiente_linear_auto_correlacao;03/2023;0.762779643906;;;;
18;coeficiente_linear_auto_correlacao;04/2023;0.659752320194;;;;
18;coeficiente_linear_auto_correlacao;05/2023;0.526752017659;;;;
18;coeficiente_linear_auto_correlacao;06/2023;0.510832660977;;;;
18;coeficiente_linear_auto_correlacao;07/2023;0.926885297211;-0.154891944069;;;
18;coeficiente_linear_auto_correlacao;08/2023;1.193728759265;-0.310391714115;;;
18;coeficiente_linear_auto_correlacao;09/2023;1.839471161930;-1.150073991412;0.262985990225;;
18;coeficiente_linear_auto_correlacao;10/2023;0.930369713342;;;;
18;coeficiente_linear_auto_correlacao;11/2023;0.637235231293;;;;
18;coeficiente_linear_auto_correlacao;12/2023;0.654645934549;;;;
18;coeficiente_linear_auto_correlacao;01/2024;0.711093589876;;;;
18;coeficiente_linear_auto_correlacao;02/2024;0.525051072851;;;;
18;coeficiente_linear_auto_correlacao;03/2024;0.762779643906;;;;
18;coeficiente_linear_auto_correlacao;04/2024;0.659752320194;;;;
18;coeficiente_linear_auto_correlacao;05/2024;0.526752017659;;;;
18;coeficiente_linear_auto_correlacao;06/2024;0.510832660977;;;;
18;coeficiente_linear_auto_correlacao;07/2024;0.926885297211;-0.154891944069;;;
18;coeficiente_linear_auto_correlacao;08/2024;1.193728759265;-0.310391714115;;;
18;coeficiente_linear_auto_correlacao;09/2024;1.839471161930;-1.150073991412;0.262985990225;;
18;coeficiente_linear_auto_correlacao;10/2024;0.930369713342;;;;
18;coeficiente_linear_auto_correlacao;11/2024;0.637235231293;;;;
18;coeficiente_linear_auto_correlacao;12/2024;0.654645934549;;;;
19;coeficiente_linear_auto_correlacao;01/2020;0.543088930168;;;;
19;coeficiente_linear_auto_correlacao;02/2020;0.586763774180;;;;
19;coeficiente_linear_auto_correlacao;03/2020;0.279019828417;0.220507141487;;;
19;coeficiente_linear_auto_correlacao;04/2020;0.562911698821;;;;
19;coeficiente_linear_auto_correlacao;05/2020;0.393727288046;;;;
19;coeficiente_linear_auto_correlacao;06/2020;0.371224854092;;;;
19;coeficiente_linear_auto_correlacao;07/2020;0.712904115149;;;;
19;coeficiente_linear_auto_correlacao;08/2020;0.788891700342;;;;
19;coeficiente_linear_auto_correlacao;09/2020;1.174931551308;-0.243194827738;;;
19;coeficiente_linear_auto_correlacao;10/2020;0.298676555193;1.016827900096;;;
19;coeficiente_linear_auto_correlacao;11/2020;0.860969788184;;;;
19;coeficiente_linear_auto_correlacao;12/2020;1.015155978803;;;;
19;coeficiente_linear_auto_correlacao;01/2021;0.543088930168;;;;
19;coeficiente_linear_auto_correlacao;02/2021;0.586763774180;;;;
19;coeficiente_linear_auto_correlacao;03/2021;0.279019828417;0.220507141487;;;
19;coeficiente_linear_auto_correlacao;04/2021;0.562911698821;;;;
19;coeficiente_linear_auto_correlacao;05/2021;0.393727288046;;;;
19;coeficiente_linear_auto_correlacao;06/2021;0.371224854092;;;;
19;coeficiente_linear_auto_correlacao;07/2021;0.712904115149;;;;
19;coeficiente_linear_auto_correlacao;08/2021;0.788891700342;;;;
19;coeficiente_linear_auto_correlacao;09/2021;1.174931551308;-0.243194827738;;;
19;coeficiente_linear_auto_correlacao;10/2021;0.298676555193;1.016827900096;;;
19;coeficiente_linear_auto_correlacao;11/2021;0.860969788184;;;;
19;coeficiente_linear_auto_correlacao;12/2021;1.015155978803;;;;
19;coeficiente_linear_auto_correlacao;01/2022;0.543088930168;;;;
19;coeficiente_linear_auto_correlacao;02/2022;0.586763774180;;;;
19;coeficiente_linear_auto_correlacao;03/2022;0.279019828417;0.220507141487;;;
19;coeficiente_linear_auto_correlacao;04/2022;0.562911698821;;;;
19;coeficiente_linear_auto_correlacao;05/2022;0.393727288046;;;;
19;coeficiente_linear_auto_correlacao;06/2022;0.371224854092;;;;
19;coeficiente_linear_auto_correlacao;07/2022;0.712904115149;;;;
19;coeficiente_linear_auto_correlacao;08/2022;0.788891700342;;;;
19;coeficiente_linear_auto_correlacao;09/2022;1.174931551308;-0.243194827738;;;
19;coeficiente_linear_auto_correlacao;10/2022;0.298676555193;1.016827900096;;;
19;coeficiente_linear_auto_correlacao;11/2022;0.860969788184;;;;
19;coeficiente_linear_auto_correlacao;12/2022;1.015155978803;;;;
19;coeficiente_linear_auto_correlacao;01/2023;0.543088930168;;;;
19;coeficiente_linear_auto_correlacao;02/2023;0.586763774180;;;;
19;coeficiente_linear_auto_correlacao;03/2023;0.279019828417;0.220507141487;;;
19;coeficiente_linear_auto_correlacao;04/2023;0.562911698821;;;;
19;coeficiente_linear_auto_correlacao;05/2023;0.393727288046;;;;
19;coeficiente_linear_auto_correlacao;06/2023;0.371224854092;;;;
19;coeficiente_linear_auto_correlacao;07/2023;0.712904115149;;;;
19;coeficiente_linear_auto_correlacao;08/2023;0.788891700342;;;;
19;coeficiente_linear_auto_correlacao;09/2023;1.174931551308;-0.243194827738;;;
19;coeficiente_linear_auto_correlacao;10/2023;0.298676555193;1.016827900096;;;
19;coeficiente_linear_auto_correlacao;11/2023;0.860969788184;;;;
19;coeficiente_linear_auto_correlacao;12/2023;1.015155978803;;;;
19;coeficiente_linear_auto_correlacao;01/2024;0.543088930168;;;;
19;coeficiente_linear_auto_correlacao;02/2024;0.586763774180;;;;
19;coeficiente_linear_auto_correlacao;03/2024;0.279019828417;0.220507141487;;;
19;coeficiente_linear_auto_correlacao;04/2024;0.562911698821;;;;
19;coeficiente_linear_auto_correlacao;05/2024;0.393727288046;;;;
19;coeficiente_linear_auto_correlacao;06/2024;0.371224854092;;;;
19;coeficiente_linear_auto_correlacao;07/2024;0.712904115149;;;;
19;coeficiente_linear_auto_correlacao;08/2024;0.788891700342;;;;
19;coeficiente_linear_auto_correlacao;09/2024;1.174931551308;-0.243194827738;;;
19;coeficiente_linear_auto_correlacao;10/2024;0.298676555193;1.016827900096;;;
19;coeficiente_linear_auto_correlacao;11/2024;0.860969788184;;;;
19;coeficiente_linear_auto_correlacao;12/2024;1.015155978803;;;;
20;coeficiente_linear_auto_correlacao;01/2020;1.013383757269;;;;
20;coeficiente_linear_auto_correlacao;02/2020;1.079047710148;;;;
20;coeficiente_linear_auto_correlacao;03/2020;0.812390929335;;;;
20;coeficiente_linear_auto_correlacao;04/2020;0.773519012452;;;;
20;coeficiente_linear_auto_correlacao;05/2020;0.720180895426;;;;
20;coeficiente_linear_auto_correlacao;06/2020;0.659477090480;;;;
20;coeficiente_linear_auto_correlacao;07/2020;0.527290760903;;;;
20;coeficiente_linear_auto_correlacao;08/2020;0.288828985192;0.155712722145;;;
20;coeficiente_linear_auto_correlacao;09/2020;0.554566164075;;;;
20;coeficiente_linear_auto_correlacao;10/2020;0.760051883393;;;;
20;coeficiente_linear_auto_correlacao;11/2020;0.797724266022;;;;
20;coeficiente_linear_auto_correlacao;12/2020;1.139253450959;;;;
20;coeficiente_linear_auto_correlacao;01/2021;1.013383757269;;;;
20;coeficiente_linear_auto_correlacao;02/2021;1.079047710148;;;;
20;coeficiente_linear_auto_correlacao;03/2021;0.812390929335;;;;
20;coeficiente_linear_auto_correlacao;04/2021;0.773519012452;;;;
20;coeficiente_linear_auto_correlacao;05/2021;0.720180895426;;;;
20;coeficiente_linear_auto_correlacao;06/2021;0.659477090480;;;;
20;coeficiente_linear_auto_correlacao;07/2021;0.527290760903;;;;
20;coeficiente_linear_auto_correlacao;08/2021;0.288828985192;0.155712722145;;;
20;coeficiente_linear_auto_correlacao;09/2021;0.554566164075;;;;
20;coeficiente_linear_auto_correlacao;10/2021;0.760051883393;;;;
20;coeficiente_linear_auto_correlacao;11/2021;0.797724266022;;;;
20;coeficiente_linear_auto_correlacao;12/2021;1.139253450959;;;;
20;coeficiente_linear_auto_correlacao;01/2022;1.013383757269;;;;
20;coeficiente_linear_auto_correlacao;02/2022;1.079047710148;;;;
20;coeficiente_linear_auto_correlacao;03/2022;0.812390929335;;;;
20;coeficiente_linear_auto_correlacao;04/2022;0.773519012452;;;;
20;coeficiente_linear_auto_correlacao;05/2022;0.720180895426;;;;
20;coeficiente_linear_auto_correlacao;06/2022;0.659477090480;;;;
20;coeficiente_linear_auto_correlacao;07/2022;0.527290760903;;;;
20;coeficiente_linear_auto_correlacao;08/2022;0.288828985192;0.155712722145;;;
20;coeficiente_linear_auto_correlacao;09/2022;0.554566164075;;;;
20;coeficiente_linear_auto_correlacao;10/2022;0.760051883393;;;;
20;coeficiente_linear_auto_correlacao;11/2022;0.797724266022;;;;
20;coeficiente_linear_auto_correlacao;12/2022;1.139253450959;;;;
20;coeficiente_linear_auto_correlacao;01/2023;1.013383757269;;;;
20;coeficiente_linear_auto_correlacao;02/2023;1.079047710148;;;;
20;coeficiente_linear_auto_correlacao;03/2023;0.812390929335;;;;
20;coeficiente_linear_auto_correlacao;04/2023;0.773519012452;;;;
20;coeficiente_linear_auto_correlacao;05/2023;0.720180895426;;;;
20;coeficiente_linear_auto_correlacao;06/2023;0.659477090480;;;;
20;coeficiente_linear_auto_correlacao;07/2023;0.527290760903;;;;
20;coeficiente_linear_auto_correlacao;08/2023;0.288828985192;0.155712722145;;;
20;coeficiente_linear_auto_correlacao;09/2023;0.554566164075;;;;
20;coeficiente_linear_auto_correlacao;10/2023;0.760051883393;;;;
20;coeficiente_linear_auto_correlacao;11/2023;0.797724266022;;;;
20;coeficiente_linear_auto_correlacao;12/2023;1.139253450959;;;;
20;coeficiente_linear_auto_correlacao;01/2024;1.013383757269;;;;
20;coeficiente_linear_auto_correlacao;02/2024;1.079047710148;;;;
20;coeficiente_linear_auto_correlacao;03/2024;0.812390929335;;;;
20;coeficiente_linear_auto_correlacao;04/2024;0.773519012452;;;;
20;coeficiente_linear_auto_correlacao;05/2024;0.720180895426;;;;
20;coeficiente_linear_auto_correlacao;06/2024;0.659477090480;;;;
20;coeficiente_linear_auto_correlacao;07/2024;0.527290760903;;;;
20;coeficiente_linear_auto_correlacao;08/2024;0.288828985192;0.155712722145;;;
20;coeficiente_linear_auto_correlacao;09/2024;0.554566164075;;;;
20;coeficiente_linear_auto_correlacao;10/2024;0.760051883393;;;;
20;coeficiente_linear_auto_correlacao;11/2024;0.797724266022;;;;
20;coeficiente_linear_auto_correlacao;12/2024;1.139253450959;;;;
21;coeficiente_linear_auto_correlacao;01/2020;1.385561832415;;;;
21;coeficiente_linear_auto_correlacao;02/2020;0.850434197495;;;;
21;coeficiente_linear_auto_correlacao;03/2020;0.939511434008;;;;
21;coeficiente_linear_auto_correlacao;04/2020;0;;;;
21;coeficiente_linear_auto_correlacao;05/2020;0.571804580326;;;;
21;coeficiente_linear_auto_correlacao;06/2020;0.533607219561;;;;
21;coeficiente_linear_auto_correlacao;07/2020;0.123244981148;;;;
21;coeficiente_linear_auto_correlacao;08/2020;0.471202347144;-0.032683227544;;;
21;coeficiente_linear_auto_correlacao;09/2020;0.566500712890;;;;
21;coeficiente_linear_auto_correlacao;10/2020;0.860690754754;;;;
21;coeficiente_linear_auto_correlacao;11/2020;1.065361294985;;;;
21;coeficiente_linear_auto_correlacao;12/2020;1.169188647503;;;;
21;coeficiente_linear_auto_correlacao;01/2021;1.385561832415;;;;
21;coeficiente_linear_auto_correlacao;02/2021;0.850434197495;;;;
21;coeficiente_linear_auto_correlacao;03/2021;0.939511434008;;;;
21;coeficiente_linear_auto_correlacao;04/2021;0;;;;
21;coeficiente_linear_auto_correlacao;05/2021;0.571804580326;;;;
21;coeficiente_linear_auto_correlacao;06/2021;0.533607219561;;;;
21;coeficiente_linear_auto_correlacao;07/2021;0.123244981148;;;;
21;coeficiente_linear_auto_correlacao;08/2021;0.471202347144;-0.032683227544;;;
21;coeficiente_linear_auto_correlacao;09/2021;0.566500712890;;;;
21;coeficiente_linear_auto_correlacao;10/2021;0.860690754754;;;;
21;coeficiente_linear_auto_correlacao;11/2021;1.065361294985;;;;
21;coeficiente_linear_auto_correlacao;12/2021;1.169188647503;;;;
21;coeficiente_linear_auto_correlacao;01/2022;1.385561832415;;;;
21;coeficiente_linear_auto_correlacao;02/2022;0.850434197495;;;;
21;coeficiente_linear_auto_correlacao;03/2022;0.939511434008;;;;
21;coeficiente_linear_auto_correlacao;04/2022;0;;;;
21;coeficiente_linear_auto_correlacao;05/2022;0.571804580326;;;;
21;coeficiente_linear_auto_correlacao;06/2022;0.533607219561;;;;
21;coeficiente_linear_auto_correlacao;07/2022;0.123244981148;;;;
21;coeficiente_linear_auto_correlacao;08/2022;0.471202347144;-0.032683227544;;;
21;coeficiente_linear_auto_correlacao;09/2022;0.566500712890;;;;
21;coeficiente_linear_auto_correlacao;10/2022;0.860690754754;;;;
21;coeficiente_linear_auto_correlacao;11/2022;1.065361294985;;;;
21;coeficiente_linear_auto_correlacao;12/2022;1.169188647503;;;;
21;coeficiente_linear_auto_correlacao;01/2023;1.385561832415;;;;
21;coeficiente_linear_auto_correlacao;02/2023;0.850434197495;;;;
21;coeficiente_linear_auto_correlacao;03/2023;0.939511434008;;;;
21;coeficiente_linear_auto_correlacao;04/2023;0;;;;
21;coeficiente_linear_auto_correlacao;05/2023;0.571804580326;;;;
21;coeficiente_linear_auto_correlacao;06/2023;0.533607219561;;;;
21;coeficiente_linear_auto_correlacao;07/2023;0.123244981148;;;;
21;coeficiente_linear_auto_correlacao;08/2023;0.471202347144;-0.032683227544;;;
21;coeficiente_linear_auto_correlacao;09/2023;0.566500712890;;;;
21;coeficiente_linear_auto_correlacao;10/2023;0.860690754754;;;;
21;coeficiente_linear_auto_correlacao;11/2023;1.065361294985;;;;
21;coeficiente_linear_auto_correlacao;12/2023;1.169188647503;;;;
21;coeficiente_linear_auto_correlacao;01/2024;1.385561832415;;;;
21;coeficiente_linear_auto_correlacao;02/2024;0.850434197495;;;;
21;coeficiente_linear_auto_correlacao;03/2024;0.939511434008;;;;
21;coeficiente_linear_auto_correlacao;04/2024;0;;;;
21;coeficiente_linear_auto_correlacao;05/2024;0.571804580326;;;;
21;coeficiente_linear_auto_correlacao;06/2024;0.533607219561;;;;
21;coeficiente_linear_auto_correlacao;07/2024;0.123244981148;;;;
21;coeficiente_linear_auto_correlacao;08/2024;0.471202347144;-0.032683227544;;;
21;coeficiente_linear_auto_correlacao;09/2024;0.566500712890;;;;
21;coeficiente_linear_auto_correlacao;10/2024;0.860690754754;;;;
21;coeficiente_linear_auto_correlacao;11/2024;1.065361294985;;;;
21;coeficiente_linear_auto_correlacao;12/2024;1.169188647503;;;;
