idHidreletrica;AttVetor;01/2020;02/2020;03/2020;04/2020;05/2020;06/2020;07/2020;08/2020;09/2020;10/2020;11/2020;12/2020;01/2021;02/2021;03/2021;04/2021;05/2021;06/2021;07/2021;08/2021;09/2021;10/2021;11/2021;12/2021;01/2022;02/2022;03/2022;04/2022;05/2022;06/2022;07/2022;08/2022;09/2022;10/2022;11/2022;12/2022;01/2023;02/2023;03/2023;04/2023;05/2023;06/2023;07/2023;08/2023;09/2023;10/2023;11/2023;12/2023;01/2024;02/2024;03/2024;04/2024;05/2024;06/2024;07/2024;08/2024;09/2024;10/2024;11/2024;12/2024;
1;vazao_defluente_minima;0;0;0;0;0;0;0;0;0;0;0;0;0;0;0;0;0;0;0;0;0;0;0;0;0;0;0;0;0;0;0;0;0;0;0;0;0;0;0;0;0;0;0;0;0;0;0;0;0;0;0;0;0;0;0;0;0;0;0;0;
1;vazao_defluente_maxima;inf;inf;inf;inf;inf;inf;inf;inf;inf;inf;inf;inf;inf;inf;inf;inf;inf;inf;inf;inf;inf;inf;inf;inf;inf;inf;inf;inf;inf;inf;inf;inf;inf;inf;inf;inf;inf;inf;inf;inf;inf;inf;inf;inf;inf;inf;inf;inf;inf;inf;inf;inf;inf;inf;inf;inf;inf;inf;inf;inf;
2;vazao_defluente_minima;0;0;0;0;0;0;0;0;0;0;0;0;0;0;0;0;0;0;0;0;0;0;0;0;0;0;0;0;0;0;0;0;0;0;0;0;0;0;0;0;0;0;0;0;0;0;0;0;0;0;0;0;0;0;0;0;0;0;0;0;
2;vazao_defluente_maxima;inf;inf;inf;inf;inf;inf;inf;inf;inf;inf;inf;inf;inf;inf;inf;inf;inf;inf;inf;inf;inf;inf;inf;inf;inf;inf;inf;inf;inf;inf;inf;inf;inf;inf;inf;inf;inf;inf;inf;inf;inf;inf;inf;inf;inf;inf;inf;inf;inf;inf;inf;inf;inf;inf;inf;inf;inf;inf;inf;inf;
3;vazao_defluente_minima;0;0;0;0;0;0;0;0;0;0;0;0;0;0;0;0;0;0;0;0;0;0;0;0;0;0;0;0;0;0;0;0;0;0;0;0;0;0;0;0;0;0;0;0;0;0;0;0;0;0;0;0;0;0;0;0;0;0;0;0;
3;vazao_defluente_maxima;inf;inf;inf;inf;inf;inf;inf;inf;inf;inf;inf;inf;inf;inf;inf;inf;inf;inf;inf;inf;inf;inf;inf;inf;inf;inf;inf;inf;inf;inf;inf;inf;inf;inf;inf;inf;inf;inf;inf;inf;inf;inf;inf;inf;inf;inf;inf;inf;inf;inf;inf;inf;inf;inf;inf;inf;inf;inf;inf;inf;
4;vazao_defluente_minima;0;0;0;0;0;0;0;0;0;0;0;0;0;0;0;0;0;0;0;0;0;0;0;0;0;0;0;0;0;0;0;0;0;0;0;0;0;0;0;0;0;0;0;0;0;0;0;0;0;0;0;0;0;0;0;0;0;0;0;0;
4;vazao_defluente_maxima;inf;inf;inf;inf;inf;inf;inf;inf;inf;inf;inf;inf;inf;inf;inf;inf;inf;inf;inf;inf;inf;inf;inf;inf;inf;inf;inf;inf;inf;inf;inf;inf;inf;inf;inf;inf;inf;inf;inf;inf;inf;inf;inf;inf;inf;inf;inf;inf;inf;inf;inf;inf;inf;inf;inf;inf;inf;inf;inf;inf;
5;vazao_defluente_minima;0;0;0;0;0;0;0;0;0;0;0;0;0;0;0;0;0;0;0;0;0;0;0;0;0;0;0;0;0;0;0;0;0;0;0;0;0;0;0;0;0;0;0;0;0;0;0;0;0;0;0;0;0;0;0;0;0;0;0;0;
5;vazao_defluente_maxima;inf;inf;inf;inf;inf;inf;inf;inf;inf;inf;inf;inf;inf;inf;inf;inf;inf;inf;inf;inf;inf;inf;inf;inf;inf;inf;inf;inf;inf;inf;inf;inf;inf;inf;inf;inf;inf;inf;inf;inf;inf;inf;inf;inf;inf;inf;inf;inf;inf;inf;inf;inf;inf;inf;inf;inf;inf;inf;inf;inf;
6;vazao_defluente_minima;0;0;0;0;0;0;0;0;0;0;0;0;0;0;0;0;0;0;0;0;0;0;0;0;0;0;0;0;0;0;0;0;0;0;0;0;0;0;0;0;0;0;0;0;0;0;0;0;0;0;0;0;0;0;0;0;0;0;0;0;
6;vazao_defluente_maxima;inf;inf;inf;inf;inf;inf;inf;inf;inf;inf;inf;inf;inf;inf;inf;inf;inf;inf;inf;inf;inf;inf;inf;inf;inf;inf;inf;inf;inf;inf;inf;inf;inf;inf;inf;inf;inf;inf;inf;inf;inf;inf;inf;inf;inf;inf;inf;inf;inf;inf;inf;inf;inf;inf;inf;inf;inf;inf;inf;inf;
7;vazao_defluente_minima;0;0;0;0;0;0;0;0;0;0;0;0;0;0;0;0;0;0;0;0;0;0;0;0;0;0;0;0;0;0;0;0;0;0;0;0;0;0;0;0;0;0;0;0;0;0;0;0;0;0;0;0;0;0;0;0;0;0;0;0;
7;vazao_defluente_maxima;inf;inf;inf;inf;inf;inf;inf;inf;inf;inf;inf;inf;inf;inf;inf;inf;inf;inf;inf;inf;inf;inf;inf;inf;inf;inf;inf;inf;inf;inf;inf;inf;inf;inf;inf;inf;inf;inf;inf;inf;inf;inf;inf;inf;inf;inf;inf;inf;inf;inf;inf;inf;inf;inf;inf;inf;inf;inf;inf;inf;
8;vazao_defluente_minima;0;0;0;0;0;0;0;0;0;0;0;0;0;0;0;0;0;0;0;0;0;0;0;0;0;0;0;0;0;0;0;0;0;0;0;0;0;0;0;0;0;0;0;0;0;0;0;0;0;0;0;0;0;0;0;0;0;0;0;0;
8;vazao_defluente_maxima;inf;inf;inf;inf;inf;inf;inf;inf;inf;inf;inf;inf;inf;inf;inf;inf;inf;inf;inf;inf;inf;inf;inf;inf;inf;inf;inf;inf;inf;inf;inf;inf;inf;inf;inf;inf;inf;inf;inf;inf;inf;inf;inf;inf;inf;inf;inf;inf;inf;inf;inf;inf;inf;inf;inf;inf;inf;inf;inf;inf;
9;vazao_defluente_minima;0;0;0;0;0;0;0;0;0;0;0;0;0;0;0;0;0;0;0;0;0;0;0;0;0;0;0;0;0;0;0;0;0;0;0;0;0;0;0;0;0;0;0;0;0;0;0;0;0;0;0;0;0;0;0;0;0;0;0;0;
9;vazao_defluente_maxima;inf;inf;inf;inf;inf;inf;inf;inf;inf;inf;inf;inf;inf;inf;inf;inf;inf;inf;inf;inf;inf;inf;inf;inf;inf;inf;inf;inf;inf;inf;inf;inf;inf;inf;inf;inf;inf;inf;inf;inf;inf;inf;inf;inf;inf;inf;inf;inf;inf;inf;inf;inf;inf;inf;inf;inf;inf;inf;inf;inf;
10;vazao_defluente_minima;0;0;0;0;0;0;0;0;0;0;0;0;0;0;0;0;0;0;0;0;0;0;0;0;0;0;0;0;0;0;0;0;0;0;0;0;0;0;0;0;0;0;0;0;0;0;0;0;0;0;0;0;0;0;0;0;0;0;0;0;
10;vazao_defluente_maxima;inf;inf;inf;inf;inf;inf;inf;inf;inf;inf;inf;inf;inf;inf;inf;inf;inf;inf;inf;inf;inf;inf;inf;inf;inf;inf;inf;inf;inf;inf;inf;inf;inf;inf;inf;inf;inf;inf;inf;inf;inf;inf;inf;inf;inf;inf;inf;inf;inf;inf;inf;inf;inf;inf;inf;inf;inf;inf;inf;inf;
11;vazao_defluente_minima;0;0;0;0;0;0;0;0;0;0;0;0;0;0;0;0;0;0;0;0;0;0;0;0;0;0;0;0;0;0;0;0;0;0;0;0;0;0;0;0;0;0;0;0;0;0;0;0;0;0;0;0;0;0;0;0;0;0;0;0;
11;vazao_defluente_maxima;inf;inf;inf;inf;inf;inf;inf;inf;inf;inf;inf;inf;inf;inf;inf;inf;inf;inf;inf;inf;inf;inf;inf;inf;inf;inf;inf;inf;inf;inf;inf;inf;inf;inf;inf;inf;inf;inf;inf;inf;inf;inf;inf;inf;inf;inf;inf;inf;inf;inf;inf;inf;inf;inf;inf;inf;inf;inf;inf;inf;
12;vazao_defluente_minima;0;0;0;0;0;0;0;0;0;0;0;0;0;0;0;0;0;0;0;0;0;0;0;0;0;0;0;0;0;0;0;0;0;0;0;0;0;0;0;0;0;0;0;0;0;0;0;0;0;0;0;0;0;0;0;0;0;0;0;0;
12;vazao_defluente_maxima;inf;inf;inf;inf;inf;inf;inf;inf;inf;inf;inf;inf;inf;inf;inf;inf;inf;inf;inf;inf;inf;inf;inf;inf;inf;inf;inf;inf;inf;inf;inf;inf;inf;inf;inf;inf;inf;inf;inf;inf;inf;inf;inf;inf;inf;inf;inf;inf;inf;inf;inf;inf;inf;inf;inf;inf;inf;inf;inf;inf;
13;vazao_defluente_minima;0;0;0;0;0;0;0;0;0;0;0;0;0;0;0;0;0;0;0;0;0;0;0;0;0;0;0;0;0;0;0;0;0;0;0;0;0;0;0;0;0;0;0;0;0;0;0;0;0;0;0;0;0;0;0;0;0;0;0;0;
13;vazao_defluente_maxima;inf;inf;inf;inf;inf;inf;inf;inf;inf;inf;inf;inf;inf;inf;inf;inf;inf;inf;inf;inf;inf;inf;inf;inf;inf;inf;inf;inf;inf;inf;inf;inf;inf;inf;inf;inf;inf;inf;inf;inf;inf;inf;inf;inf;inf;inf;inf;inf;inf;inf;inf;inf;inf;inf;inf;inf;inf;inf;inf;inf;
14;vazao_defluente_minima;0;0;0;0;0;0;0;0;0;0;0;0;0;0;0;0;0;0;0;0;0;0;0;0;0;0;0;0;0;0;0;0;0;0;0;0;0;0;0;0;0;0;0;0;0;0;0;0;0;0;0;0;0;0;0;0;0;0;0;0;
14;vazao_defluente_maxima;inf;inf;inf;inf;inf;inf;inf;inf;inf;inf;inf;inf;inf;inf;inf;inf;inf;inf;inf;inf;inf;inf;inf;inf;inf;inf;inf;inf;inf;inf;inf;inf;inf;inf;inf;inf;inf;inf;inf;inf;inf;inf;inf;inf;inf;inf;inf;inf;inf;inf;inf;inf;inf;inf;inf;inf;inf;inf;inf;inf;
15;vazao_defluente_minima;0;0;0;0;0;0;0;0;0;0;0;0;0;0;0;0;0;0;0;0;0;0;0;0;0;0;0;0;0;0;0;0;0;0;0;0;0;0;0;0;0;0;0;0;0;0;0;0;0;0;0;0;0;0;0;0;0;0;0;0;
15;vazao_defluente_maxima;inf;inf;inf;inf;inf;inf;inf;inf;inf;inf;inf;inf;inf;inf;inf;inf;inf;inf;inf;inf;inf;inf;inf;inf;inf;inf;inf;inf;inf;inf;inf;inf;inf;inf;inf;inf;inf;inf;inf;inf;inf;inf;inf;inf;inf;inf;inf;inf;inf;inf;inf;inf;inf;inf;inf;inf;inf;inf;inf;inf;
16;vazao_defluente_minima;0;0;0;0;0;0;0;0;0;0;0;0;0;0;0;0;0;0;0;0;0;0;0;0;0;0;0;0;0;0;0;0;0;0;0;0;0;0;0;0;0;0;0;0;0;0;0;0;0;0;0;0;0;0;0;0;0;0;0;0;
16;vazao_defluente_maxima;inf;inf;inf;inf;inf;inf;inf;inf;inf;inf;inf;inf;inf;inf;inf;inf;inf;inf;inf;inf;inf;inf;inf;inf;inf;inf;inf;inf;inf;inf;inf;inf;inf;inf;inf;inf;inf;inf;inf;inf;inf;inf;inf;inf;inf;inf;inf;inf;inf;inf;inf;inf;inf;inf;inf;inf;inf;inf;inf;inf;
17;vazao_defluente_minima;0;0;0;0;0;0;0;0;0;0;0;0;0;0;0;0;0;0;0;0;0;0;0;0;0;0;0;0;0;0;0;0;0;0;0;0;0;0;0;0;0;0;0;0;0;0;0;0;0;0;0;0;0;0;0;0;0;0;0;0;
17;vazao_defluente_maxima;inf;inf;inf;inf;inf;inf;inf;inf;inf;inf;inf;inf;inf;inf;inf;inf;inf;inf;inf;inf;inf;inf;inf;inf;inf;inf;inf;inf;inf;inf;inf;inf;inf;inf;inf;inf;inf;inf;inf;inf;inf;inf;inf;inf;inf;inf;inf;inf;inf;inf;inf;inf;inf;inf;inf;inf;inf;inf;inf;inf;
18;vazao_defluente_minima;0;0;0;0;0;0;0;0;0;0;0;0;0;0;0;0;0;0;0;0;0;0;0;0;0;0;0;0;0;0;0;0;0;0;0;0;0;0;0;0;0;0;0;0;0;0;0;0;0;0;0;0;0;0;0;0;0;0;0;0;
18;vazao_defluente_maxima;inf;inf;inf;inf;inf;inf;inf;inf;inf;inf;inf;inf;inf;inf;inf;inf;inf;inf;inf;inf;inf;inf;inf;inf;inf;inf;inf;inf;inf;inf;inf;inf;inf;inf;inf;inf;inf;inf;inf;inf;inf;inf;inf;inf;inf;inf;inf;inf;inf;inf;inf;inf;inf;inf;inf;inf;inf;inf;inf;inf;
19;vazao_defluente_minima;0;0;0;0;0;0;0;0;0;0;0;0;0;0;0;0;0;0;0;0;0;0;0;0;0;0;0;0;0;0;0;0;0;0;0;0;0;0;0;0;0;0;0;0;0;0;0;0;0;0;0;0;0;0;0;0;0;0;0;0;
19;vazao_defluente_maxima;inf;inf;inf;inf;inf;inf;inf;inf;inf;inf;inf;inf;inf;inf;inf;inf;inf;inf;inf;inf;inf;inf;inf;inf;inf;inf;inf;inf;inf;inf;inf;inf;inf;inf;inf;inf;inf;inf;inf;inf;inf;inf;inf;inf;inf;inf;inf;inf;inf;inf;inf;inf;inf;inf;inf;inf;inf;inf;inf;inf;
20;vazao_defluente_minima;0;0;0;0;0;0;0;0;0;0;0;0;0;0;0;0;0;0;0;0;0;0;0;0;0;0;0;0;0;0;0;0;0;0;0;0;0;0;0;0;0;0;0;0;0;0;0;0;0;0;0;0;0;0;0;0;0;0;0;0;
20;vazao_defluente_maxima;inf;inf;inf;inf;inf;inf;inf;inf;inf;inf;inf;inf;inf;inf;inf;inf;inf;inf;inf;inf;inf;inf;inf;inf;inf;inf;inf;inf;inf;inf;inf;inf;inf;inf;inf;inf;inf;inf;inf;inf;inf;inf;inf;inf;inf;inf;inf;inf;inf;inf;inf;inf;inf;inf;inf;inf;inf;inf;inf;inf;
21;vazao_defluente_minima;0;0;0;0;0;0;0;0;0;0;0;0;0;0;0;0;0;0;0;0;0;0;0;0;0;0;0;0;0;0;0;0;0;0;0;0;0;0;0;0;0;0;0;0;0;0;0;0;0;0;0;0;0;0;0;0;0;0;0;0;
21;vazao_defluente_maxima;inf;inf;inf;inf;inf;inf;inf;inf;inf;inf;inf;inf;inf;inf;inf;inf;inf;inf;inf;inf;inf;inf;inf;inf;inf;inf;inf;inf;inf;inf;inf;inf;inf;inf;inf;inf;inf;inf;inf;inf;inf;inf;inf;inf;inf;inf;inf;inf;inf;inf;inf;inf;inf;inf;inf;inf;inf;inf;inf;inf;
22;vazao_defluente_minima;0;0;0;0;0;0;0;0;0;0;0;0;0;0;0;0;0;0;0;0;0;0;0;0;0;0;0;0;0;0;0;0;0;0;0;0;0;0;0;0;0;0;0;0;0;0;0;0;0;0;0;0;0;0;0;0;0;0;0;0;
22;vazao_defluente_maxima;inf;inf;inf;inf;inf;inf;inf;inf;inf;inf;inf;inf;inf;inf;inf;inf;inf;inf;inf;inf;inf;inf;inf;inf;inf;inf;inf;inf;inf;inf;inf;inf;inf;inf;inf;inf;inf;inf;inf;inf;inf;inf;inf;inf;inf;inf;inf;inf;inf;inf;inf;inf;inf;inf;inf;inf;inf;inf;inf;inf;
23;vazao_defluente_minima;0;0;0;0;0;0;0;0;0;0;0;0;0;0;0;0;0;0;0;0;0;0;0;0;0;0;0;0;0;0;0;0;0;0;0;0;0;0;0;0;0;0;0;0;0;0;0;0;0;0;0;0;0;0;0;0;0;0;0;0;
23;vazao_defluente_maxima;inf;inf;inf;inf;inf;inf;inf;inf;inf;inf;inf;inf;inf;inf;inf;inf;inf;inf;inf;inf;inf;inf;inf;inf;inf;inf;inf;inf;inf;inf;inf;inf;inf;inf;inf;inf;inf;inf;inf;inf;inf;inf;inf;inf;inf;inf;inf;inf;inf;inf;inf;inf;inf;inf;inf;inf;inf;inf;inf;inf;
24;vazao_defluente_minima;0;0;0;0;0;0;0;0;0;0;0;0;0;0;0;0;0;0;0;0;0;0;0;0;0;0;0;0;0;0;0;0;0;0;0;0;0;0;0;0;0;0;0;0;0;0;0;0;0;0;0;0;0;0;0;0;0;0;0;0;
24;vazao_defluente_maxima;inf;inf;inf;inf;inf;inf;inf;inf;inf;inf;inf;inf;inf;inf;inf;inf;inf;inf;inf;inf;inf;inf;inf;inf;inf;inf;inf;inf;inf;inf;inf;inf;inf;inf;inf;inf;inf;inf;inf;inf;inf;inf;inf;inf;inf;inf;inf;inf;inf;inf;inf;inf;inf;inf;inf;inf;inf;inf;inf;inf;
25;vazao_defluente_minima;0;0;0;0;0;0;0;0;0;0;0;0;0;0;0;0;0;0;0;0;0;0;0;0;0;0;0;0;0;0;0;0;0;0;0;0;0;0;0;0;0;0;0;0;0;0;0;0;0;0;0;0;0;0;0;0;0;0;0;0;
25;vazao_defluente_maxima;inf;inf;inf;inf;inf;inf;inf;inf;inf;inf;inf;inf;inf;inf;inf;inf;inf;inf;inf;inf;inf;inf;inf;inf;inf;inf;inf;inf;inf;inf;inf;inf;inf;inf;inf;inf;inf;inf;inf;inf;inf;inf;inf;inf;inf;inf;inf;inf;inf;inf;inf;inf;inf;inf;inf;inf;inf;inf;inf;inf;
26;vazao_defluente_minima;0;0;0;0;0;0;0;0;0;0;0;0;0;0;0;0;0;0;0;0;0;0;0;0;0;0;0;0;0;0;0;0;0;0;0;0;0;0;0;0;0;0;0;0;0;0;0;0;0;0;0;0;0;0;0;0;0;0;0;0;
26;vazao_defluente_maxima;inf;inf;inf;inf;inf;inf;inf;inf;inf;inf;inf;inf;inf;inf;inf;inf;inf;inf;inf;inf;inf;inf;inf;inf;inf;inf;inf;inf;inf;inf;inf;inf;inf;inf;inf;inf;inf;inf;inf;inf;inf;inf;inf;inf;inf;inf;inf;inf;inf;inf;inf;inf;inf;inf;inf;inf;inf;inf;inf;inf;
27;vazao_defluente_minima;0;0;0;0;0;0;0;0;0;0;0;0;0;0;0;0;0;0;0;0;0;0;0;0;0;0;0;0;0;0;0;0;0;0;0;0;0;0;0;0;0;0;0;0;0;0;0;0;0;0;0;0;0;0;0;0;0;0;0;0;
27;vazao_defluente_maxima;inf;inf;inf;inf;inf;inf;inf;inf;inf;inf;inf;inf;inf;inf;inf;inf;inf;inf;inf;inf;inf;inf;inf;inf;inf;inf;inf;inf;inf;inf;inf;inf;inf;inf;inf;inf;inf;inf;inf;inf;inf;inf;inf;inf;inf;inf;inf;inf;inf;inf;inf;inf;inf;inf;inf;inf;inf;inf;inf;inf;
28;vazao_defluente_minima;0;0;0;0;0;0;0;0;0;0;0;0;0;0;0;0;0;0;0;0;0;0;0;0;0;0;0;0;0;0;0;0;0;0;0;0;0;0;0;0;0;0;0;0;0;0;0;0;0;0;0;0;0;0;0;0;0;0;0;0;
28;vazao_defluente_maxima;inf;inf;inf;inf;inf;inf;inf;inf;inf;inf;inf;inf;inf;inf;inf;inf;inf;inf;inf;inf;inf;inf;inf;inf;inf;inf;inf;inf;inf;inf;inf;inf;inf;inf;inf;inf;inf;inf;inf;inf;inf;inf;inf;inf;inf;inf;inf;inf;inf;inf;inf;inf;inf;inf;inf;inf;inf;inf;inf;inf;
29;vazao_defluente_minima;0;0;0;0;0;0;0;0;0;0;0;0;0;0;0;0;0;0;0;0;0;0;0;0;0;0;0;0;0;0;0;0;0;0;0;0;0;0;0;0;0;0;0;0;0;0;0;0;0;0;0;0;0;0;0;0;0;0;0;0;
29;vazao_defluente_maxima;inf;inf;inf;inf;inf;inf;inf;inf;inf;inf;inf;inf;inf;inf;inf;inf;inf;inf;inf;inf;inf;inf;inf;inf;inf;inf;inf;inf;inf;inf;inf;inf;inf;inf;inf;inf;inf;inf;inf;inf;inf;inf;inf;inf;inf;inf;inf;inf;inf;inf;inf;inf;inf;inf;inf;inf;inf;inf;inf;inf;
30;vazao_defluente_minima;0;0;0;0;0;0;0;0;0;0;0;0;0;0;0;0;0;0;0;0;0;0;0;0;0;0;0;0;0;0;0;0;0;0;0;0;0;0;0;0;0;0;0;0;0;0;0;0;0;0;0;0;0;0;0;0;0;0;0;0;
30;vazao_defluente_maxima;inf;inf;inf;inf;inf;inf;inf;inf;inf;inf;inf;inf;inf;inf;inf;inf;inf;inf;inf;inf;inf;inf;inf;inf;inf;inf;inf;inf;inf;inf;inf;inf;inf;inf;inf;inf;inf;inf;inf;inf;inf;inf;inf;inf;inf;inf;inf;inf;inf;inf;inf;inf;inf;inf;inf;inf;inf;inf;inf;inf;
31;vazao_defluente_minima;0;0;0;0;0;0;0;0;0;0;0;0;0;0;0;0;0;0;0;0;0;0;0;0;0;0;0;0;0;0;0;0;0;0;0;0;0;0;0;0;0;0;0;0;0;0;0;0;0;0;0;0;0;0;0;0;0;0;0;0;
31;vazao_defluente_maxima;inf;inf;inf;inf;inf;inf;inf;inf;inf;inf;inf;inf;inf;inf;inf;inf;inf;inf;inf;inf;inf;inf;inf;inf;inf;inf;inf;inf;inf;inf;inf;inf;inf;inf;inf;inf;inf;inf;inf;inf;inf;inf;inf;inf;inf;inf;inf;inf;inf;inf;inf;inf;inf;inf;inf;inf;inf;inf;inf;inf;
32;vazao_defluente_minima;0;0;0;0;0;0;0;0;0;0;0;0;0;0;0;0;0;0;0;0;0;0;0;0;0;0;0;0;0;0;0;0;0;0;0;0;0;0;0;0;0;0;0;0;0;0;0;0;0;0;0;0;0;0;0;0;0;0;0;0;
32;vazao_defluente_maxima;inf;inf;inf;inf;inf;inf;inf;inf;inf;inf;inf;inf;inf;inf;inf;inf;inf;inf;inf;inf;inf;inf;inf;inf;inf;inf;inf;inf;inf;inf;inf;inf;inf;inf;inf;inf;inf;inf;inf;inf;inf;inf;inf;inf;inf;inf;inf;inf;inf;inf;inf;inf;inf;inf;inf;inf;inf;inf;inf;inf;
33;vazao_defluente_minima;0;0;0;0;0;0;0;0;0;0;0;0;0;0;0;0;0;0;0;0;0;0;0;0;0;0;0;0;0;0;0;0;0;0;0;0;0;0;0;0;0;0;0;0;0;0;0;0;0;0;0;0;0;0;0;0;0;0;0;0;
33;vazao_defluente_maxima;inf;inf;inf;inf;inf;inf;inf;inf;inf;inf;inf;inf;inf;inf;inf;inf;inf;inf;inf;inf;inf;inf;inf;inf;inf;inf;inf;inf;inf;inf;inf;inf;inf;inf;inf;inf;inf;inf;inf;inf;inf;inf;inf;inf;inf;inf;inf;inf;inf;inf;inf;inf;inf;inf;inf;inf;inf;inf;inf;inf;
34;vazao_defluente_minima;0;0;0;0;0;0;0;0;0;0;0;0;0;0;0;0;0;0;0;0;0;0;0;0;0;0;0;0;0;0;0;0;0;0;0;0;0;0;0;0;0;0;0;0;0;0;0;0;0;0;0;0;0;0;0;0;0;0;0;0;
34;vazao_defluente_maxima;inf;inf;inf;inf;inf;inf;inf;inf;inf;inf;inf;inf;inf;inf;inf;inf;inf;inf;inf;inf;inf;inf;inf;inf;inf;inf;inf;inf;inf;inf;inf;inf;inf;inf;inf;inf;inf;inf;inf;inf;inf;inf;inf;inf;inf;inf;inf;inf;inf;inf;inf;inf;inf;inf;inf;inf;inf;inf;inf;inf;
35;vazao_defluente_minima;0;0;0;0;0;0;0;0;0;0;0;0;0;0;0;0;0;0;0;0;0;0;0;0;0;0;0;0;0;0;0;0;0;0;0;0;0;0;0;0;0;0;0;0;0;0;0;0;0;0;0;0;0;0;0;0;0;0;0;0;
35;vazao_defluente_maxima;inf;inf;inf;inf;inf;inf;inf;inf;inf;inf;inf;inf;inf;inf;inf;inf;inf;inf;inf;inf;inf;inf;inf;inf;inf;inf;inf;inf;inf;inf;inf;inf;inf;inf;inf;inf;inf;inf;inf;inf;inf;inf;inf;inf;inf;inf;inf;inf;inf;inf;inf;inf;inf;inf;inf;inf;inf;inf;inf;inf;
36;vazao_defluente_minima;0;0;0;0;0;0;0;0;0;0;0;0;0;0;0;0;0;0;0;0;0;0;0;0;0;0;0;0;0;0;0;0;0;0;0;0;0;0;0;0;0;0;0;0;0;0;0;0;0;0;0;0;0;0;0;0;0;0;0;0;
36;vazao_defluente_maxima;inf;inf;inf;inf;inf;inf;inf;inf;inf;inf;inf;inf;inf;inf;inf;inf;inf;inf;inf;inf;inf;inf;inf;inf;inf;inf;inf;inf;inf;inf;inf;inf;inf;inf;inf;inf;inf;inf;inf;inf;inf;inf;inf;inf;inf;inf;inf;inf;inf;inf;inf;inf;inf;inf;inf;inf;inf;inf;inf;inf;
37;vazao_defluente_minima;0;0;0;0;0;0;0;0;0;0;0;0;0;0;0;0;0;0;0;0;0;0;0;0;0;0;0;0;0;0;0;0;0;0;0;0;0;0;0;0;0;0;0;0;0;0;0;0;0;0;0;0;0;0;0;0;0;0;0;0;
37;vazao_defluente_maxima;inf;inf;inf;inf;inf;inf;inf;inf;inf;inf;inf;inf;inf;inf;inf;inf;inf;inf;inf;inf;inf;inf;inf;inf;inf;inf;inf;inf;inf;inf;inf;inf;inf;inf;inf;inf;inf;inf;inf;inf;inf;inf;inf;inf;inf;inf;inf;inf;inf;inf;inf;inf;inf;inf;inf;inf;inf;inf;inf;inf;
38;vazao_defluente_minima;0;0;0;0;0;0;0;0;0;0;0;0;0;0;0;0;0;0;0;0;0;0;0;0;0;0;0;0;0;0;0;0;0;0;0;0;0;0;0;0;0;0;0;0;0;0;0;0;0;0;0;0;0;0;0;0;0;0;0;0;
38;vazao_defluente_maxima;inf;inf;inf;inf;inf;inf;inf;inf;inf;inf;inf;inf;inf;inf;inf;inf;inf;inf;inf;inf;inf;inf;inf;inf;inf;inf;inf;inf;inf;inf;inf;inf;inf;inf;inf;inf;inf;inf;inf;inf;inf;inf;inf;inf;inf;inf;inf;inf;inf;inf;inf;inf;inf;inf;inf;inf;inf;inf;inf;inf;
39;vazao_defluente_minima;0;0;0;0;0;0;0;0;0;0;0;0;0;0;0;0;0;0;0;0;0;0;0;0;0;0;0;0;0;0;0;0;0;0;0;0;0;0;0;0;0;0;0;0;0;0;0;0;0;0;0;0;0;0;0;0;0;0;0;0;
39;vazao_defluente_maxima;inf;inf;inf;inf;inf;inf;inf;inf;inf;inf;inf;inf;inf;inf;inf;inf;inf;inf;inf;inf;inf;inf;inf;inf;inf;inf;inf;inf;inf;inf;inf;inf;inf;inf;inf;inf;inf;inf;inf;inf;inf;inf;inf;inf;inf;inf;inf;inf;inf;inf;inf;inf;inf;inf;inf;inf;inf;inf;inf;inf;
40;vazao_defluente_minima;0;0;0;0;0;0;0;0;0;0;0;0;0;0;0;0;0;0;0;0;0;0;0;0;0;0;0;0;0;0;0;0;0;0;0;0;0;0;0;0;0;0;0;0;0;0;0;0;0;0;0;0;0;0;0;0;0;0;0;0;
40;vazao_defluente_maxima;inf;inf;inf;inf;inf;inf;inf;inf;inf;inf;inf;inf;inf;inf;inf;inf;inf;inf;inf;inf;inf;inf;inf;inf;inf;inf;inf;inf;inf;inf;inf;inf;inf;inf;inf;inf;inf;inf;inf;inf;inf;inf;inf;inf;inf;inf;inf;inf;inf;inf;inf;inf;inf;inf;inf;inf;inf;inf;inf;inf;
41;vazao_defluente_minima;0;0;0;0;0;0;0;0;0;0;0;0;0;0;0;0;0;0;0;0;0;0;0;0;0;0;0;0;0;0;0;0;0;0;0;0;0;0;0;0;0;0;0;0;0;0;0;0;0;0;0;0;0;0;0;0;0;0;0;0;
41;vazao_defluente_maxima;inf;inf;inf;inf;inf;inf;inf;inf;inf;inf;inf;inf;inf;inf;inf;inf;inf;inf;inf;inf;inf;inf;inf;inf;inf;inf;inf;inf;inf;inf;inf;inf;inf;inf;inf;inf;inf;inf;inf;inf;inf;inf;inf;inf;inf;inf;inf;inf;inf;inf;inf;inf;inf;inf;inf;inf;inf;inf;inf;inf;
42;vazao_defluente_minima;0;0;0;0;0;0;0;0;0;0;0;0;0;0;0;0;0;0;0;0;0;0;0;0;0;0;0;0;0;0;0;0;0;0;0;0;0;0;0;0;0;0;0;0;0;0;0;0;0;0;0;0;0;0;0;0;0;0;0;0;
42;vazao_defluente_maxima;inf;inf;inf;inf;inf;inf;inf;inf;inf;inf;inf;inf;inf;inf;inf;inf;inf;inf;inf;inf;inf;inf;inf;inf;inf;inf;inf;inf;inf;inf;inf;inf;inf;inf;inf;inf;inf;inf;inf;inf;inf;inf;inf;inf;inf;inf;inf;inf;inf;inf;inf;inf;inf;inf;inf;inf;inf;inf;inf;inf;
43;vazao_defluente_minima;0;0;0;0;0;0;0;0;0;0;0;0;0;0;0;0;0;0;0;0;0;0;0;0;0;0;0;0;0;0;0;0;0;0;0;0;0;0;0;0;0;0;0;0;0;0;0;0;0;0;0;0;0;0;0;0;0;0;0;0;
43;vazao_defluente_maxima;inf;inf;inf;inf;inf;inf;inf;inf;inf;inf;inf;inf;inf;inf;inf;inf;inf;inf;inf;inf;inf;inf;inf;inf;inf;inf;inf;inf;inf;inf;inf;inf;inf;inf;inf;inf;inf;inf;inf;inf;inf;inf;inf;inf;inf;inf;inf;inf;inf;inf;inf;inf;inf;inf;inf;inf;inf;inf;inf;inf;
44;vazao_defluente_minima;0;0;0;0;0;0;0;0;0;0;0;0;0;0;0;0;0;0;0;0;0;0;0;0;0;0;0;0;0;0;0;0;0;0;0;0;0;0;0;0;0;0;0;0;0;0;0;0;0;0;0;0;0;0;0;0;0;0;0;0;
44;vazao_defluente_maxima;inf;inf;inf;inf;inf;inf;inf;inf;inf;inf;inf;inf;inf;inf;inf;inf;inf;inf;inf;inf;inf;inf;inf;inf;inf;inf;inf;inf;inf;inf;inf;inf;inf;inf;inf;inf;inf;inf;inf;inf;inf;inf;inf;inf;inf;inf;inf;inf;inf;inf;inf;inf;inf;inf;inf;inf;inf;inf;inf;inf;
45;vazao_defluente_minima;0;0;0;0;0;0;0;0;0;0;0;0;0;0;0;0;0;0;0;0;0;0;0;0;0;0;0;0;0;0;0;0;0;0;0;0;0;0;0;0;0;0;0;0;0;0;0;0;0;0;0;0;0;0;0;0;0;0;0;0;
45;vazao_defluente_maxima;inf;inf;inf;inf;inf;inf;inf;inf;inf;inf;inf;inf;inf;inf;inf;inf;inf;inf;inf;inf;inf;inf;inf;inf;inf;inf;inf;inf;inf;inf;inf;inf;inf;inf;inf;inf;inf;inf;inf;inf;inf;inf;inf;inf;inf;inf;inf;inf;inf;inf;inf;inf;inf;inf;inf;inf;inf;inf;inf;inf;
46;vazao_defluente_minima;0;0;0;0;0;0;0;0;0;0;0;0;0;0;0;0;0;0;0;0;0;0;0;0;0;0;0;0;0;0;0;0;0;0;0;0;0;0;0;0;0;0;0;0;0;0;0;0;0;0;0;0;0;0;0;0;0;0;0;0;
46;vazao_defluente_maxima;inf;inf;inf;inf;inf;inf;inf;inf;inf;inf;inf;inf;inf;inf;inf;inf;inf;inf;inf;inf;inf;inf;inf;inf;inf;inf;inf;inf;inf;inf;inf;inf;inf;inf;inf;inf;inf;inf;inf;inf;inf;inf;inf;inf;inf;inf;inf;inf;inf;inf;inf;inf;inf;inf;inf;inf;inf;inf;inf;inf;
47;vazao_defluente_minima;0;0;0;0;0;0;0;0;0;0;0;0;0;0;0;0;0;0;0;0;0;0;0;0;0;0;0;0;0;0;0;0;0;0;0;0;0;0;0;0;0;0;0;0;0;0;0;0;0;0;0;0;0;0;0;0;0;0;0;0;
47;vazao_defluente_maxima;inf;inf;inf;inf;inf;inf;inf;inf;inf;inf;inf;inf;inf;inf;inf;inf;inf;inf;inf;inf;inf;inf;inf;inf;inf;inf;inf;inf;inf;inf;inf;inf;inf;inf;inf;inf;inf;inf;inf;inf;inf;inf;inf;inf;inf;inf;inf;inf;inf;inf;inf;inf;inf;inf;inf;inf;inf;inf;inf;inf;
48;vazao_defluente_minima;0;0;0;0;0;0;0;0;0;0;0;0;0;0;0;0;0;0;0;0;0;0;0;0;0;0;0;0;0;0;0;0;0;0;0;0;0;0;0;0;0;0;0;0;0;0;0;0;0;0;0;0;0;0;0;0;0;0;0;0;
48;vazao_defluente_maxima;inf;inf;inf;inf;inf;inf;inf;inf;inf;inf;inf;inf;inf;inf;inf;inf;inf;inf;inf;inf;inf;inf;inf;inf;inf;inf;inf;inf;inf;inf;inf;inf;inf;inf;inf;inf;inf;inf;inf;inf;inf;inf;inf;inf;inf;inf;inf;inf;inf;inf;inf;inf;inf;inf;inf;inf;inf;inf;inf;inf;
49;vazao_defluente_minima;0;0;0;0;0;0;0;0;0;0;0;0;0;0;0;0;0;0;0;0;0;0;0;0;0;0;0;0;0;0;0;0;0;0;0;0;0;0;0;0;0;0;0;0;0;0;0;0;0;0;0;0;0;0;0;0;0;0;0;0;
49;vazao_defluente_maxima;inf;inf;inf;inf;inf;inf;inf;inf;inf;inf;inf;inf;inf;inf;inf;inf;inf;inf;inf;inf;inf;inf;inf;inf;inf;inf;inf;inf;inf;inf;inf;inf;inf;inf;inf;inf;inf;inf;inf;inf;inf;inf;inf;inf;inf;inf;inf;inf;inf;inf;inf;inf;inf;inf;inf;inf;inf;inf;inf;inf;
50;vazao_defluente_minima;0;0;0;0;0;0;0;0;0;0;0;0;0;0;0;0;0;0;0;0;0;0;0;0;0;0;0;0;0;0;0;0;0;0;0;0;0;0;0;0;0;0;0;0;0;0;0;0;0;0;0;0;0;0;0;0;0;0;0;0;
50;vazao_defluente_maxima;inf;inf;inf;inf;inf;inf;inf;inf;inf;inf;inf;inf;inf;inf;inf;inf;inf;inf;inf;inf;inf;inf;inf;inf;inf;inf;inf;inf;inf;inf;inf;inf;inf;inf;inf;inf;inf;inf;inf;inf;inf;inf;inf;inf;inf;inf;inf;inf;inf;inf;inf;inf;inf;inf;inf;inf;inf;inf;inf;inf;
51;vazao_defluente_minima;0;0;0;0;0;0;0;0;0;0;0;0;0;0;0;0;0;0;0;0;0;0;0;0;0;0;0;0;0;0;0;0;0;0;0;0;0;0;0;0;0;0;0;0;0;0;0;0;0;0;0;0;0;0;0;0;0;0;0;0;
51;vazao_defluente_maxima;inf;inf;inf;inf;inf;inf;inf;inf;inf;inf;inf;inf;inf;inf;inf;inf;inf;inf;inf;inf;inf;inf;inf;inf;inf;inf;inf;inf;inf;inf;inf;inf;inf;inf;inf;inf;inf;inf;inf;inf;inf;inf;inf;inf;inf;inf;inf;inf;inf;inf;inf;inf;inf;inf;inf;inf;inf;inf;inf;inf;
52;vazao_defluente_minima;0;0;0;0;0;0;0;0;0;0;0;0;0;0;0;0;0;0;0;0;0;0;0;0;0;0;0;0;0;0;0;0;0;0;0;0;0;0;0;0;0;0;0;0;0;0;0;0;0;0;0;0;0;0;0;0;0;0;0;0;
52;vazao_defluente_maxima;inf;inf;inf;inf;inf;inf;inf;inf;inf;inf;inf;inf;inf;inf;inf;inf;inf;inf;inf;inf;inf;inf;inf;inf;inf;inf;inf;inf;inf;inf;inf;inf;inf;inf;inf;inf;inf;inf;inf;inf;inf;inf;inf;inf;inf;inf;inf;inf;inf;inf;inf;inf;inf;inf;inf;inf;inf;inf;inf;inf;
53;vazao_defluente_minima;0;0;0;0;0;0;0;0;0;0;0;0;0;0;0;0;0;0;0;0;0;0;0;0;0;0;0;0;0;0;0;0;0;0;0;0;0;0;0;0;0;0;0;0;0;0;0;0;0;0;0;0;0;0;0;0;0;0;0;0;
53;vazao_defluente_maxima;inf;inf;inf;inf;inf;inf;inf;inf;inf;inf;inf;inf;inf;inf;inf;inf;inf;inf;inf;inf;inf;inf;inf;inf;inf;inf;inf;inf;inf;inf;inf;inf;inf;inf;inf;inf;inf;inf;inf;inf;inf;inf;inf;inf;inf;inf;inf;inf;inf;inf;inf;inf;inf;inf;inf;inf;inf;inf;inf;inf;
54;vazao_defluente_minima;0;0;0;0;0;0;0;0;0;0;0;0;0;0;0;0;0;0;0;0;0;0;0;0;0;0;0;0;0;0;0;0;0;0;0;0;0;0;0;0;0;0;0;0;0;0;0;0;0;0;0;0;0;0;0;0;0;0;0;0;
54;vazao_defluente_maxima;inf;inf;inf;inf;inf;inf;inf;inf;inf;inf;inf;inf;inf;inf;inf;inf;inf;inf;inf;inf;inf;inf;inf;inf;inf;inf;inf;inf;inf;inf;inf;inf;inf;inf;inf;inf;inf;inf;inf;inf;inf;inf;inf;inf;inf;inf;inf;inf;inf;inf;inf;inf;inf;inf;inf;inf;inf;inf;inf;inf;
55;vazao_defluente_minima;0;0;0;0;0;0;0;0;0;0;0;0;0;0;0;0;0;0;0;0;0;0;0;0;0;0;0;0;0;0;0;0;0;0;0;0;0;0;0;0;0;0;0;0;0;0;0;0;0;0;0;0;0;0;0;0;0;0;0;0;
55;vazao_defluente_maxima;inf;inf;inf;inf;inf;inf;inf;inf;inf;inf;inf;inf;inf;inf;inf;inf;inf;inf;inf;inf;inf;inf;inf;inf;inf;inf;inf;inf;inf;inf;inf;inf;inf;inf;inf;inf;inf;inf;inf;inf;inf;inf;inf;inf;inf;inf;inf;inf;inf;inf;inf;inf;inf;inf;inf;inf;inf;inf;inf;inf;
56;vazao_defluente_minima;0;0;0;0;0;0;0;0;0;0;0;0;0;0;0;0;0;0;0;0;0;0;0;0;0;0;0;0;0;0;0;0;0;0;0;0;0;0;0;0;0;0;0;0;0;0;0;0;0;0;0;0;0;0;0;0;0;0;0;0;
56;vazao_defluente_maxima;inf;inf;inf;inf;inf;inf;inf;inf;inf;inf;inf;inf;inf;inf;inf;inf;inf;inf;inf;inf;inf;inf;inf;inf;inf;inf;inf;inf;inf;inf;inf;inf;inf;inf;inf;inf;inf;inf;inf;inf;inf;inf;inf;inf;inf;inf;inf;inf;inf;inf;inf;inf;inf;inf;inf;inf;inf;inf;inf;inf;
57;vazao_defluente_minima;0;0;0;0;0;0;0;0;0;0;0;0;0;0;0;0;0;0;0;0;0;0;0;0;0;0;0;0;0;0;0;0;0;0;0;0;0;0;0;0;0;0;0;0;0;0;0;0;0;0;0;0;0;0;0;0;0;0;0;0;
57;vazao_defluente_maxima;inf;inf;inf;inf;inf;inf;inf;inf;inf;inf;inf;inf;inf;inf;inf;inf;inf;inf;inf;inf;inf;inf;inf;inf;inf;inf;inf;inf;inf;inf;inf;inf;inf;inf;inf;inf;inf;inf;inf;inf;inf;inf;inf;inf;inf;inf;inf;inf;inf;inf;inf;inf;inf;inf;inf;inf;inf;inf;inf;inf;
58;vazao_defluente_minima;0;0;0;0;0;0;0;0;0;0;0;0;0;0;0;0;0;0;0;0;0;0;0;0;0;0;0;0;0;0;0;0;0;0;0;0;0;0;0;0;0;0;0;0;0;0;0;0;0;0;0;0;0;0;0;0;0;0;0;0;
58;vazao_defluente_maxima;inf;inf;inf;inf;inf;inf;inf;inf;inf;inf;inf;inf;inf;inf;inf;inf;inf;inf;inf;inf;inf;inf;inf;inf;inf;inf;inf;inf;inf;inf;inf;inf;inf;inf;inf;inf;inf;inf;inf;inf;inf;inf;inf;inf;inf;inf;inf;inf;inf;inf;inf;inf;inf;inf;inf;inf;inf;inf;inf;inf;
59;vazao_defluente_minima;0;0;0;0;0;0;0;0;0;0;0;0;0;0;0;0;0;0;0;0;0;0;0;0;0;0;0;0;0;0;0;0;0;0;0;0;0;0;0;0;0;0;0;0;0;0;0;0;0;0;0;0;0;0;0;0;0;0;0;0;
59;vazao_defluente_maxima;inf;inf;inf;inf;inf;inf;inf;inf;inf;inf;inf;inf;inf;inf;inf;inf;inf;inf;inf;inf;inf;inf;inf;inf;inf;inf;inf;inf;inf;inf;inf;inf;inf;inf;inf;inf;inf;inf;inf;inf;inf;inf;inf;inf;inf;inf;inf;inf;inf;inf;inf;inf;inf;inf;inf;inf;inf;inf;inf;inf;
60;vazao_defluente_minima;0;0;0;0;0;0;0;0;0;0;0;0;0;0;0;0;0;0;0;0;0;0;0;0;0;0;0;0;0;0;0;0;0;0;0;0;0;0;0;0;0;0;0;0;0;0;0;0;0;0;0;0;0;0;0;0;0;0;0;0;
60;vazao_defluente_maxima;inf;inf;inf;inf;inf;inf;inf;inf;inf;inf;inf;inf;inf;inf;inf;inf;inf;inf;inf;inf;inf;inf;inf;inf;inf;inf;inf;inf;inf;inf;inf;inf;inf;inf;inf;inf;inf;inf;inf;inf;inf;inf;inf;inf;inf;inf;inf;inf;inf;inf;inf;inf;inf;inf;inf;inf;inf;inf;inf;inf;
61;vazao_defluente_minima;0;0;0;0;0;0;0;0;0;0;0;0;0;0;0;0;0;0;0;0;0;0;0;0;0;0;0;0;0;0;0;0;0;0;0;0;0;0;0;0;0;0;0;0;0;0;0;0;0;0;0;0;0;0;0;0;0;0;0;0;
61;vazao_defluente_maxima;inf;inf;inf;inf;inf;inf;inf;inf;inf;inf;inf;inf;inf;inf;inf;inf;inf;inf;inf;inf;inf;inf;inf;inf;inf;inf;inf;inf;inf;inf;inf;inf;inf;inf;inf;inf;inf;inf;inf;inf;inf;inf;inf;inf;inf;inf;inf;inf;inf;inf;inf;inf;inf;inf;inf;inf;inf;inf;inf;inf;
62;vazao_defluente_minima;0;0;0;0;0;0;0;0;0;0;0;0;0;0;0;0;0;0;0;0;0;0;0;0;0;0;0;0;0;0;0;0;0;0;0;0;0;0;0;0;0;0;0;0;0;0;0;0;0;0;0;0;0;0;0;0;0;0;0;0;
62;vazao_defluente_maxima;inf;inf;inf;inf;inf;inf;inf;inf;inf;inf;inf;inf;inf;inf;inf;inf;inf;inf;inf;inf;inf;inf;inf;inf;inf;inf;inf;inf;inf;inf;inf;inf;inf;inf;inf;inf;inf;inf;inf;inf;inf;inf;inf;inf;inf;inf;inf;inf;inf;inf;inf;inf;inf;inf;inf;inf;inf;inf;inf;inf;
63;vazao_defluente_minima;0;0;0;0;0;0;0;0;0;0;0;0;0;0;0;0;0;0;0;0;0;0;0;0;0;0;0;0;0;0;0;0;0;0;0;0;0;0;0;0;0;0;0;0;0;0;0;0;0;0;0;0;0;0;0;0;0;0;0;0;
63;vazao_defluente_maxima;inf;inf;inf;inf;inf;inf;inf;inf;inf;inf;inf;inf;inf;inf;inf;inf;inf;inf;inf;inf;inf;inf;inf;inf;inf;inf;inf;inf;inf;inf;inf;inf;inf;inf;inf;inf;inf;inf;inf;inf;inf;inf;inf;inf;inf;inf;inf;inf;inf;inf;inf;inf;inf;inf;inf;inf;inf;inf;inf;inf;
64;vazao_defluente_minima;0;0;0;0;0;0;0;0;0;0;0;0;0;0;0;0;0;0;0;0;0;0;0;0;0;0;0;0;0;0;0;0;0;0;0;0;0;0;0;0;0;0;0;0;0;0;0;0;0;0;0;0;0;0;0;0;0;0;0;0;
64;vazao_defluente_maxima;inf;inf;inf;inf;inf;inf;inf;inf;inf;inf;inf;inf;inf;inf;inf;inf;inf;inf;inf;inf;inf;inf;inf;inf;inf;inf;inf;inf;inf;inf;inf;inf;inf;inf;inf;inf;inf;inf;inf;inf;inf;inf;inf;inf;inf;inf;inf;inf;inf;inf;inf;inf;inf;inf;inf;inf;inf;inf;inf;inf;
65;vazao_defluente_minima;0;0;0;0;0;0;0;0;0;0;0;0;0;0;0;0;0;0;0;0;0;0;0;0;0;0;0;0;0;0;0;0;0;0;0;0;0;0;0;0;0;0;0;0;0;0;0;0;0;0;0;0;0;0;0;0;0;0;0;0;
65;vazao_defluente_maxima;inf;inf;inf;inf;inf;inf;inf;inf;inf;inf;inf;inf;inf;inf;inf;inf;inf;inf;inf;inf;inf;inf;inf;inf;inf;inf;inf;inf;inf;inf;inf;inf;inf;inf;inf;inf;inf;inf;inf;inf;inf;inf;inf;inf;inf;inf;inf;inf;inf;inf;inf;inf;inf;inf;inf;inf;inf;inf;inf;inf;
66;vazao_defluente_minima;0;0;0;0;0;0;0;0;0;0;0;0;0;0;0;0;0;0;0;0;0;0;0;0;0;0;0;0;0;0;0;0;0;0;0;0;0;0;0;0;0;0;0;0;0;0;0;0;0;0;0;0;0;0;0;0;0;0;0;0;
66;vazao_defluente_maxima;inf;inf;inf;inf;inf;inf;inf;inf;inf;inf;inf;inf;inf;inf;inf;inf;inf;inf;inf;inf;inf;inf;inf;inf;inf;inf;inf;inf;inf;inf;inf;inf;inf;inf;inf;inf;inf;inf;inf;inf;inf;inf;inf;inf;inf;inf;inf;inf;inf;inf;inf;inf;inf;inf;inf;inf;inf;inf;inf;inf;
67;vazao_defluente_minima;0;0;0;0;0;0;0;0;0;0;0;0;0;0;0;0;0;0;0;0;0;0;0;0;0;0;0;0;0;0;0;0;0;0;0;0;0;0;0;0;0;0;0;0;0;0;0;0;0;0;0;0;0;0;0;0;0;0;0;0;
67;vazao_defluente_maxima;inf;inf;inf;inf;inf;inf;inf;inf;inf;inf;inf;inf;inf;inf;inf;inf;inf;inf;inf;inf;inf;inf;inf;inf;inf;inf;inf;inf;inf;inf;inf;inf;inf;inf;inf;inf;inf;inf;inf;inf;inf;inf;inf;inf;inf;inf;inf;inf;inf;inf;inf;inf;inf;inf;inf;inf;inf;inf;inf;inf;
68;vazao_defluente_minima;0;0;0;0;0;0;0;0;0;0;0;0;0;0;0;0;0;0;0;0;0;0;0;0;0;0;0;0;0;0;0;0;0;0;0;0;0;0;0;0;0;0;0;0;0;0;0;0;0;0;0;0;0;0;0;0;0;0;0;0;
68;vazao_defluente_maxima;inf;inf;inf;inf;inf;inf;inf;inf;inf;inf;inf;inf;inf;inf;inf;inf;inf;inf;inf;inf;inf;inf;inf;inf;inf;inf;inf;inf;inf;inf;inf;inf;inf;inf;inf;inf;inf;inf;inf;inf;inf;inf;inf;inf;inf;inf;inf;inf;inf;inf;inf;inf;inf;inf;inf;inf;inf;inf;inf;inf;
69;vazao_defluente_minima;0;0;0;0;0;0;0;0;0;0;0;0;0;0;0;0;0;0;0;0;0;0;0;0;0;0;0;0;0;0;0;0;0;0;0;0;0;0;0;0;0;0;0;0;0;0;0;0;0;0;0;0;0;0;0;0;0;0;0;0;
69;vazao_defluente_maxima;inf;inf;inf;inf;inf;inf;inf;inf;inf;inf;inf;inf;inf;inf;inf;inf;inf;inf;inf;inf;inf;inf;inf;inf;inf;inf;inf;inf;inf;inf;inf;inf;inf;inf;inf;inf;inf;inf;inf;inf;inf;inf;inf;inf;inf;inf;inf;inf;inf;inf;inf;inf;inf;inf;inf;inf;inf;inf;inf;inf;
70;vazao_defluente_minima;0;0;0;0;0;0;0;0;0;0;0;0;0;0;0;0;0;0;0;0;0;0;0;0;0;0;0;0;0;0;0;0;0;0;0;0;0;0;0;0;0;0;0;0;0;0;0;0;0;0;0;0;0;0;0;0;0;0;0;0;
70;vazao_defluente_maxima;inf;inf;inf;inf;inf;inf;inf;inf;inf;inf;inf;inf;inf;inf;inf;inf;inf;inf;inf;inf;inf;inf;inf;inf;inf;inf;inf;inf;inf;inf;inf;inf;inf;inf;inf;inf;inf;inf;inf;inf;inf;inf;inf;inf;inf;inf;inf;inf;inf;inf;inf;inf;inf;inf;inf;inf;inf;inf;inf;inf;
71;vazao_defluente_minima;0;0;0;0;0;0;0;0;0;0;0;0;0;0;0;0;0;0;0;0;0;0;0;0;0;0;0;0;0;0;0;0;0;0;0;0;0;0;0;0;0;0;0;0;0;0;0;0;0;0;0;0;0;0;0;0;0;0;0;0;
71;vazao_defluente_maxima;inf;inf;inf;inf;inf;inf;inf;inf;inf;inf;inf;inf;inf;inf;inf;inf;inf;inf;inf;inf;inf;inf;inf;inf;inf;inf;inf;inf;inf;inf;inf;inf;inf;inf;inf;inf;inf;inf;inf;inf;inf;inf;inf;inf;inf;inf;inf;inf;inf;inf;inf;inf;inf;inf;inf;inf;inf;inf;inf;inf;
72;vazao_defluente_minima;0;0;0;0;0;0;0;0;0;0;0;0;0;0;0;0;0;0;0;0;0;0;0;0;0;0;0;0;0;0;0;0;0;0;0;0;0;0;0;0;0;0;0;0;0;0;0;0;0;0;0;0;0;0;0;0;0;0;0;0;
72;vazao_defluente_maxima;inf;inf;inf;inf;inf;inf;inf;inf;inf;inf;inf;inf;inf;inf;inf;inf;inf;inf;inf;inf;inf;inf;inf;inf;inf;inf;inf;inf;inf;inf;inf;inf;inf;inf;inf;inf;inf;inf;inf;inf;inf;inf;inf;inf;inf;inf;inf;inf;inf;inf;inf;inf;inf;inf;inf;inf;inf;inf;inf;inf;
73;vazao_defluente_minima;0;0;0;0;0;0;0;0;0;0;0;0;0;0;0;0;0;0;0;0;0;0;0;0;0;0;0;0;0;0;0;0;0;0;0;0;0;0;0;0;0;0;0;0;0;0;0;0;0;0;0;0;0;0;0;0;0;0;0;0;
73;vazao_defluente_maxima;inf;inf;inf;inf;inf;inf;inf;inf;inf;inf;inf;inf;inf;inf;inf;inf;inf;inf;inf;inf;inf;inf;inf;inf;inf;inf;inf;inf;inf;inf;inf;inf;inf;inf;inf;inf;inf;inf;inf;inf;inf;inf;inf;inf;inf;inf;inf;inf;inf;inf;inf;inf;inf;inf;inf;inf;inf;inf;inf;inf;
74;vazao_defluente_minima;0;0;0;0;0;0;0;0;0;0;0;0;0;0;0;0;0;0;0;0;0;0;0;0;0;0;0;0;0;0;0;0;0;0;0;0;0;0;0;0;0;0;0;0;0;0;0;0;0;0;0;0;0;0;0;0;0;0;0;0;
74;vazao_defluente_maxima;inf;inf;inf;inf;inf;inf;inf;inf;inf;inf;inf;inf;inf;inf;inf;inf;inf;inf;inf;inf;inf;inf;inf;inf;inf;inf;inf;inf;inf;inf;inf;inf;inf;inf;inf;inf;inf;inf;inf;inf;inf;inf;inf;inf;inf;inf;inf;inf;inf;inf;inf;inf;inf;inf;inf;inf;inf;inf;inf;inf;
75;vazao_defluente_minima;0;0;0;0;0;0;0;0;0;0;0;0;0;0;0;0;0;0;0;0;0;0;0;0;0;0;0;0;0;0;0;0;0;0;0;0;0;0;0;0;0;0;0;0;0;0;0;0;0;0;0;0;0;0;0;0;0;0;0;0;
75;vazao_defluente_maxima;inf;inf;inf;inf;inf;inf;inf;inf;inf;inf;inf;inf;inf;inf;inf;inf;inf;inf;inf;inf;inf;inf;inf;inf;inf;inf;inf;inf;inf;inf;inf;inf;inf;inf;inf;inf;inf;inf;inf;inf;inf;inf;inf;inf;inf;inf;inf;inf;inf;inf;inf;inf;inf;inf;inf;inf;inf;inf;inf;inf;
76;vazao_defluente_minima;0;0;0;0;0;0;0;0;0;0;0;0;0;0;0;0;0;0;0;0;0;0;0;0;0;0;0;0;0;0;0;0;0;0;0;0;0;0;0;0;0;0;0;0;0;0;0;0;0;0;0;0;0;0;0;0;0;0;0;0;
76;vazao_defluente_maxima;inf;inf;inf;inf;inf;inf;inf;inf;inf;inf;inf;inf;inf;inf;inf;inf;inf;inf;inf;inf;inf;inf;inf;inf;inf;inf;inf;inf;inf;inf;inf;inf;inf;inf;inf;inf;inf;inf;inf;inf;inf;inf;inf;inf;inf;inf;inf;inf;inf;inf;inf;inf;inf;inf;inf;inf;inf;inf;inf;inf;
77;vazao_defluente_minima;0;0;0;0;0;0;0;0;0;0;0;0;0;0;0;0;0;0;0;0;0;0;0;0;0;0;0;0;0;0;0;0;0;0;0;0;0;0;0;0;0;0;0;0;0;0;0;0;0;0;0;0;0;0;0;0;0;0;0;0;
77;vazao_defluente_maxima;inf;inf;inf;inf;inf;inf;inf;inf;inf;inf;inf;inf;inf;inf;inf;inf;inf;inf;inf;inf;inf;inf;inf;inf;inf;inf;inf;inf;inf;inf;inf;inf;inf;inf;inf;inf;inf;inf;inf;inf;inf;inf;inf;inf;inf;inf;inf;inf;inf;inf;inf;inf;inf;inf;inf;inf;inf;inf;inf;inf;
78;vazao_defluente_minima;0;0;0;0;0;0;0;0;0;0;0;0;0;0;0;0;0;0;0;0;0;0;0;0;0;0;0;0;0;0;0;0;0;0;0;0;0;0;0;0;0;0;0;0;0;0;0;0;0;0;0;0;0;0;0;0;0;0;0;0;
78;vazao_defluente_maxima;inf;inf;inf;inf;inf;inf;inf;inf;inf;inf;inf;inf;inf;inf;inf;inf;inf;inf;inf;inf;inf;inf;inf;inf;inf;inf;inf;inf;inf;inf;inf;inf;inf;inf;inf;inf;inf;inf;inf;inf;inf;inf;inf;inf;inf;inf;inf;inf;inf;inf;inf;inf;inf;inf;inf;inf;inf;inf;inf;inf;
79;vazao_defluente_minima;0;0;0;0;0;0;0;0;0;0;0;0;0;0;0;0;0;0;0;0;0;0;0;0;0;0;0;0;0;0;0;0;0;0;0;0;0;0;0;0;0;0;0;0;0;0;0;0;0;0;0;0;0;0;0;0;0;0;0;0;
79;vazao_defluente_maxima;inf;inf;inf;inf;inf;inf;inf;inf;inf;inf;inf;inf;inf;inf;inf;inf;inf;inf;inf;inf;inf;inf;inf;inf;inf;inf;inf;inf;inf;inf;inf;inf;inf;inf;inf;inf;inf;inf;inf;inf;inf;inf;inf;inf;inf;inf;inf;inf;inf;inf;inf;inf;inf;inf;inf;inf;inf;inf;inf;inf;
80;vazao_defluente_minima;0;0;0;0;0;0;0;0;0;0;0;0;0;0;0;0;0;0;0;0;0;0;0;0;0;0;0;0;0;0;0;0;0;0;0;0;0;0;0;0;0;0;0;0;0;0;0;0;0;0;0;0;0;0;0;0;0;0;0;0;
80;vazao_defluente_maxima;inf;inf;inf;inf;inf;inf;inf;inf;inf;inf;inf;inf;inf;inf;inf;inf;inf;inf;inf;inf;inf;inf;inf;inf;inf;inf;inf;inf;inf;inf;inf;inf;inf;inf;inf;inf;inf;inf;inf;inf;inf;inf;inf;inf;inf;inf;inf;inf;inf;inf;inf;inf;inf;inf;inf;inf;inf;inf;inf;inf;
81;vazao_defluente_minima;0;0;0;0;0;0;0;0;0;0;0;0;0;0;0;0;0;0;0;0;0;0;0;0;0;0;0;0;0;0;0;0;0;0;0;0;0;0;0;0;0;0;0;0;0;0;0;0;0;0;0;0;0;0;0;0;0;0;0;0;
81;vazao_defluente_maxima;inf;inf;inf;inf;inf;inf;inf;inf;inf;inf;inf;inf;inf;inf;inf;inf;inf;inf;inf;inf;inf;inf;inf;inf;inf;inf;inf;inf;inf;inf;inf;inf;inf;inf;inf;inf;inf;inf;inf;inf;inf;inf;inf;inf;inf;inf;inf;inf;inf;inf;inf;inf;inf;inf;inf;inf;inf;inf;inf;inf;
82;vazao_defluente_minima;0;0;0;0;0;0;0;0;0;0;0;0;0;0;0;0;0;0;0;0;0;0;0;0;0;0;0;0;0;0;0;0;0;0;0;0;0;0;0;0;0;0;0;0;0;0;0;0;0;0;0;0;0;0;0;0;0;0;0;0;
82;vazao_defluente_maxima;inf;inf;inf;inf;inf;inf;inf;inf;inf;inf;inf;inf;inf;inf;inf;inf;inf;inf;inf;inf;inf;inf;inf;inf;inf;inf;inf;inf;inf;inf;inf;inf;inf;inf;inf;inf;inf;inf;inf;inf;inf;inf;inf;inf;inf;inf;inf;inf;inf;inf;inf;inf;inf;inf;inf;inf;inf;inf;inf;inf;
83;vazao_defluente_minima;0;0;0;0;0;0;0;0;0;0;0;0;0;0;0;0;0;0;0;0;0;0;0;0;0;0;0;0;0;0;0;0;0;0;0;0;0;0;0;0;0;0;0;0;0;0;0;0;0;0;0;0;0;0;0;0;0;0;0;0;
83;vazao_defluente_maxima;inf;inf;inf;inf;inf;inf;inf;inf;inf;inf;inf;inf;inf;inf;inf;inf;inf;inf;inf;inf;inf;inf;inf;inf;inf;inf;inf;inf;inf;inf;inf;inf;inf;inf;inf;inf;inf;inf;inf;inf;inf;inf;inf;inf;inf;inf;inf;inf;inf;inf;inf;inf;inf;inf;inf;inf;inf;inf;inf;inf;
84;vazao_defluente_minima;0;0;0;0;0;0;0;0;0;0;0;0;0;0;0;0;0;0;0;0;0;0;0;0;0;0;0;0;0;0;0;0;0;0;0;0;0;0;0;0;0;0;0;0;0;0;0;0;0;0;0;0;0;0;0;0;0;0;0;0;
84;vazao_defluente_maxima;inf;inf;inf;inf;inf;inf;inf;inf;inf;inf;inf;inf;inf;inf;inf;inf;inf;inf;inf;inf;inf;inf;inf;inf;inf;inf;inf;inf;inf;inf;inf;inf;inf;inf;inf;inf;inf;inf;inf;inf;inf;inf;inf;inf;inf;inf;inf;inf;inf;inf;inf;inf;inf;inf;inf;inf;inf;inf;inf;inf;
85;vazao_defluente_minima;0;0;0;0;0;0;0;0;0;0;0;0;0;0;0;0;0;0;0;0;0;0;0;0;0;0;0;0;0;0;0;0;0;0;0;0;0;0;0;0;0;0;0;0;0;0;0;0;0;0;0;0;0;0;0;0;0;0;0;0;
85;vazao_defluente_maxima;inf;inf;inf;inf;inf;inf;inf;inf;inf;inf;inf;inf;inf;inf;inf;inf;inf;inf;inf;inf;inf;inf;inf;inf;inf;inf;inf;inf;inf;inf;inf;inf;inf;inf;inf;inf;inf;inf;inf;inf;inf;inf;inf;inf;inf;inf;inf;inf;inf;inf;inf;inf;inf;inf;inf;inf;inf;inf;inf;inf;
86;vazao_defluente_minima;0;0;0;0;0;0;0;0;0;0;0;0;0;0;0;0;0;0;0;0;0;0;0;0;0;0;0;0;0;0;0;0;0;0;0;0;0;0;0;0;0;0;0;0;0;0;0;0;0;0;0;0;0;0;0;0;0;0;0;0;
86;vazao_defluente_maxima;inf;inf;inf;inf;inf;inf;inf;inf;inf;inf;inf;inf;inf;inf;inf;inf;inf;inf;inf;inf;inf;inf;inf;inf;inf;inf;inf;inf;inf;inf;inf;inf;inf;inf;inf;inf;inf;inf;inf;inf;inf;inf;inf;inf;inf;inf;inf;inf;inf;inf;inf;inf;inf;inf;inf;inf;inf;inf;inf;inf;
87;vazao_defluente_minima;0;0;0;0;0;0;0;0;0;0;0;0;0;0;0;0;0;0;0;0;0;0;0;0;0;0;0;0;0;0;0;0;0;0;0;0;0;0;0;0;0;0;0;0;0;0;0;0;0;0;0;0;0;0;0;0;0;0;0;0;
87;vazao_defluente_maxima;inf;inf;inf;inf;inf;inf;inf;inf;inf;inf;inf;inf;inf;inf;inf;inf;inf;inf;inf;inf;inf;inf;inf;inf;inf;inf;inf;inf;inf;inf;inf;inf;inf;inf;inf;inf;inf;inf;inf;inf;inf;inf;inf;inf;inf;inf;inf;inf;inf;inf;inf;inf;inf;inf;inf;inf;inf;inf;inf;inf;
88;vazao_defluente_minima;0;0;0;0;0;0;0;0;0;0;0;0;0;0;0;0;0;0;0;0;0;0;0;0;0;0;0;0;0;0;0;0;0;0;0;0;0;0;0;0;0;0;0;0;0;0;0;0;0;0;0;0;0;0;0;0;0;0;0;0;
88;vazao_defluente_maxima;inf;inf;inf;inf;inf;inf;inf;inf;inf;inf;inf;inf;inf;inf;inf;inf;inf;inf;inf;inf;inf;inf;inf;inf;inf;inf;inf;inf;inf;inf;inf;inf;inf;inf;inf;inf;inf;inf;inf;inf;inf;inf;inf;inf;inf;inf;inf;inf;inf;inf;inf;inf;inf;inf;inf;inf;inf;inf;inf;inf;
89;vazao_defluente_minima;0;0;0;0;0;0;0;0;0;0;0;0;0;0;0;0;0;0;0;0;0;0;0;0;0;0;0;0;0;0;0;0;0;0;0;0;0;0;0;0;0;0;0;0;0;0;0;0;0;0;0;0;0;0;0;0;0;0;0;0;
89;vazao_defluente_maxima;inf;inf;inf;inf;inf;inf;inf;inf;inf;inf;inf;inf;inf;inf;inf;inf;inf;inf;inf;inf;inf;inf;inf;inf;inf;inf;inf;inf;inf;inf;inf;inf;inf;inf;inf;inf;inf;inf;inf;inf;inf;inf;inf;inf;inf;inf;inf;inf;inf;inf;inf;inf;inf;inf;inf;inf;inf;inf;inf;inf;
90;vazao_defluente_minima;0;0;0;0;0;0;0;0;0;0;0;0;0;0;0;0;0;0;0;0;0;0;0;0;0;0;0;0;0;0;0;0;0;0;0;0;0;0;0;0;0;0;0;0;0;0;0;0;0;0;0;0;0;0;0;0;0;0;0;0;
90;vazao_defluente_maxima;inf;inf;inf;inf;inf;inf;inf;inf;inf;inf;inf;inf;inf;inf;inf;inf;inf;inf;inf;inf;inf;inf;inf;inf;inf;inf;inf;inf;inf;inf;inf;inf;inf;inf;inf;inf;inf;inf;inf;inf;inf;inf;inf;inf;inf;inf;inf;inf;inf;inf;inf;inf;inf;inf;inf;inf;inf;inf;inf;inf;
91;vazao_defluente_minima;0;0;0;0;0;0;0;0;0;0;0;0;0;0;0;0;0;0;0;0;0;0;0;0;0;0;0;0;0;0;0;0;0;0;0;0;0;0;0;0;0;0;0;0;0;0;0;0;0;0;0;0;0;0;0;0;0;0;0;0;
91;vazao_defluente_maxima;inf;inf;inf;inf;inf;inf;inf;inf;inf;inf;inf;inf;inf;inf;inf;inf;inf;inf;inf;inf;inf;inf;inf;inf;inf;inf;inf;inf;inf;inf;inf;inf;inf;inf;inf;inf;inf;inf;inf;inf;inf;inf;inf;inf;inf;inf;inf;inf;inf;inf;inf;inf;inf;inf;inf;inf;inf;inf;inf;inf;
92;vazao_defluente_minima;0;0;0;0;0;0;0;0;0;0;0;0;0;0;0;0;0;0;0;0;0;0;0;0;0;0;0;0;0;0;0;0;0;0;0;0;0;0;0;0;0;0;0;0;0;0;0;0;0;0;0;0;0;0;0;0;0;0;0;0;
92;vazao_defluente_maxima;inf;inf;inf;inf;inf;inf;inf;inf;inf;inf;inf;inf;inf;inf;inf;inf;inf;inf;inf;inf;inf;inf;inf;inf;inf;inf;inf;inf;inf;inf;inf;inf;inf;inf;inf;inf;inf;inf;inf;inf;inf;inf;inf;inf;inf;inf;inf;inf;inf;inf;inf;inf;inf;inf;inf;inf;inf;inf;inf;inf;
93;vazao_defluente_minima;0;0;0;0;0;0;0;0;0;0;0;0;0;0;0;0;0;0;0;0;0;0;0;0;0;0;0;0;0;0;0;0;0;0;0;0;0;0;0;0;0;0;0;0;0;0;0;0;0;0;0;0;0;0;0;0;0;0;0;0;
93;vazao_defluente_maxima;inf;inf;inf;inf;inf;inf;inf;inf;inf;inf;inf;inf;inf;inf;inf;inf;inf;inf;inf;inf;inf;inf;inf;inf;inf;inf;inf;inf;inf;inf;inf;inf;inf;inf;inf;inf;inf;inf;inf;inf;inf;inf;inf;inf;inf;inf;inf;inf;inf;inf;inf;inf;inf;inf;inf;inf;inf;inf;inf;inf;
94;vazao_defluente_minima;0;0;0;0;0;0;0;0;0;0;0;0;0;0;0;0;0;0;0;0;0;0;0;0;0;0;0;0;0;0;0;0;0;0;0;0;0;0;0;0;0;0;0;0;0;0;0;0;0;0;0;0;0;0;0;0;0;0;0;0;
94;vazao_defluente_maxima;inf;inf;inf;inf;inf;inf;inf;inf;inf;inf;inf;inf;inf;inf;inf;inf;inf;inf;inf;inf;inf;inf;inf;inf;inf;inf;inf;inf;inf;inf;inf;inf;inf;inf;inf;inf;inf;inf;inf;inf;inf;inf;inf;inf;inf;inf;inf;inf;inf;inf;inf;inf;inf;inf;inf;inf;inf;inf;inf;inf;
95;vazao_defluente_minima;0;0;0;0;0;0;0;0;0;0;0;0;0;0;0;0;0;0;0;0;0;0;0;0;0;0;0;0;0;0;0;0;0;0;0;0;0;0;0;0;0;0;0;0;0;0;0;0;0;0;0;0;0;0;0;0;0;0;0;0;
95;vazao_defluente_maxima;inf;inf;inf;inf;inf;inf;inf;inf;inf;inf;inf;inf;inf;inf;inf;inf;inf;inf;inf;inf;inf;inf;inf;inf;inf;inf;inf;inf;inf;inf;inf;inf;inf;inf;inf;inf;inf;inf;inf;inf;inf;inf;inf;inf;inf;inf;inf;inf;inf;inf;inf;inf;inf;inf;inf;inf;inf;inf;inf;inf;
96;vazao_defluente_minima;0;0;0;0;0;0;0;0;0;0;0;0;0;0;0;0;0;0;0;0;0;0;0;0;0;0;0;0;0;0;0;0;0;0;0;0;0;0;0;0;0;0;0;0;0;0;0;0;0;0;0;0;0;0;0;0;0;0;0;0;
96;vazao_defluente_maxima;inf;inf;inf;inf;inf;inf;inf;inf;inf;inf;inf;inf;inf;inf;inf;inf;inf;inf;inf;inf;inf;inf;inf;inf;inf;inf;inf;inf;inf;inf;inf;inf;inf;inf;inf;inf;inf;inf;inf;inf;inf;inf;inf;inf;inf;inf;inf;inf;inf;inf;inf;inf;inf;inf;inf;inf;inf;inf;inf;inf;
97;vazao_defluente_minima;0;0;0;0;0;0;0;0;0;0;0;0;0;0;0;0;0;0;0;0;0;0;0;0;0;0;0;0;0;0;0;0;0;0;0;0;0;0;0;0;0;0;0;0;0;0;0;0;0;0;0;0;0;0;0;0;0;0;0;0;
97;vazao_defluente_maxima;inf;inf;inf;inf;inf;inf;inf;inf;inf;inf;inf;inf;inf;inf;inf;inf;inf;inf;inf;inf;inf;inf;inf;inf;inf;inf;inf;inf;inf;inf;inf;inf;inf;inf;inf;inf;inf;inf;inf;inf;inf;inf;inf;inf;inf;inf;inf;inf;inf;inf;inf;inf;inf;inf;inf;inf;inf;inf;inf;inf;
98;vazao_defluente_minima;0;0;0;0;0;0;0;0;0;0;0;0;0;0;0;0;0;0;0;0;0;0;0;0;0;0;0;0;0;0;0;0;0;0;0;0;0;0;0;0;0;0;0;0;0;0;0;0;0;0;0;0;0;0;0;0;0;0;0;0;
98;vazao_defluente_maxima;inf;inf;inf;inf;inf;inf;inf;inf;inf;inf;inf;inf;inf;inf;inf;inf;inf;inf;inf;inf;inf;inf;inf;inf;inf;inf;inf;inf;inf;inf;inf;inf;inf;inf;inf;inf;inf;inf;inf;inf;inf;inf;inf;inf;inf;inf;inf;inf;inf;inf;inf;inf;inf;inf;inf;inf;inf;inf;inf;inf;
99;vazao_defluente_minima;0;0;0;0;0;0;0;0;0;0;0;0;0;0;0;0;0;0;0;0;0;0;0;0;0;0;0;0;0;0;0;0;0;0;0;0;0;0;0;0;0;0;0;0;0;0;0;0;0;0;0;0;0;0;0;0;0;0;0;0;
99;vazao_defluente_maxima;inf;inf;inf;inf;inf;inf;inf;inf;inf;inf;inf;inf;inf;inf;inf;inf;inf;inf;inf;inf;inf;inf;inf;inf;inf;inf;inf;inf;inf;inf;inf;inf;inf;inf;inf;inf;inf;inf;inf;inf;inf;inf;inf;inf;inf;inf;inf;inf;inf;inf;inf;inf;inf;inf;inf;inf;inf;inf;inf;inf;
100;vazao_defluente_minima;0;0;0;0;0;0;0;0;0;0;0;0;0;0;0;0;0;0;0;0;0;0;0;0;0;0;0;0;0;0;0;0;0;0;0;0;0;0;0;0;0;0;0;0;0;0;0;0;0;0;0;0;0;0;0;0;0;0;0;0;
100;vazao_defluente_maxima;inf;inf;inf;inf;inf;inf;inf;inf;inf;inf;inf;inf;inf;inf;inf;inf;inf;inf;inf;inf;inf;inf;inf;inf;inf;inf;inf;inf;inf;inf;inf;inf;inf;inf;inf;inf;inf;inf;inf;inf;inf;inf;inf;inf;inf;inf;inf;inf;inf;inf;inf;inf;inf;inf;inf;inf;inf;inf;inf;inf;
101;vazao_defluente_minima;0;0;0;0;0;0;0;0;0;0;0;0;0;0;0;0;0;0;0;0;0;0;0;0;0;0;0;0;0;0;0;0;0;0;0;0;0;0;0;0;0;0;0;0;0;0;0;0;0;0;0;0;0;0;0;0;0;0;0;0;
101;vazao_defluente_maxima;inf;inf;inf;inf;inf;inf;inf;inf;inf;inf;inf;inf;inf;inf;inf;inf;inf;inf;inf;inf;inf;inf;inf;inf;inf;inf;inf;inf;inf;inf;inf;inf;inf;inf;inf;inf;inf;inf;inf;inf;inf;inf;inf;inf;inf;inf;inf;inf;inf;inf;inf;inf;inf;inf;inf;inf;inf;inf;inf;inf;
102;vazao_defluente_minima;0;0;0;0;0;0;0;0;0;0;0;0;0;0;0;0;0;0;0;0;0;0;0;0;0;0;0;0;0;0;0;0;0;0;0;0;0;0;0;0;0;0;0;0;0;0;0;0;0;0;0;0;0;0;0;0;0;0;0;0;
102;vazao_defluente_maxima;inf;inf;inf;inf;inf;inf;inf;inf;inf;inf;inf;inf;inf;inf;inf;inf;inf;inf;inf;inf;inf;inf;inf;inf;inf;inf;inf;inf;inf;inf;inf;inf;inf;inf;inf;inf;inf;inf;inf;inf;inf;inf;inf;inf;inf;inf;inf;inf;inf;inf;inf;inf;inf;inf;inf;inf;inf;inf;inf;inf;
103;vazao_defluente_minima;0;0;0;0;0;0;0;0;0;0;0;0;0;0;0;0;0;0;0;0;0;0;0;0;0;0;0;0;0;0;0;0;0;0;0;0;0;0;0;0;0;0;0;0;0;0;0;0;0;0;0;0;0;0;0;0;0;0;0;0;
103;vazao_defluente_maxima;inf;inf;inf;inf;inf;inf;inf;inf;inf;inf;inf;inf;inf;inf;inf;inf;inf;inf;inf;inf;inf;inf;inf;inf;inf;inf;inf;inf;inf;inf;inf;inf;inf;inf;inf;inf;inf;inf;inf;inf;inf;inf;inf;inf;inf;inf;inf;inf;inf;inf;inf;inf;inf;inf;inf;inf;inf;inf;inf;inf;
104;vazao_defluente_minima;0;0;0;0;0;0;0;0;0;0;0;0;0;0;0;0;0;0;0;0;0;0;0;0;0;0;0;0;0;0;0;0;0;0;0;0;0;0;0;0;0;0;0;0;0;0;0;0;0;0;0;0;0;0;0;0;0;0;0;0;
104;vazao_defluente_maxima;inf;inf;inf;inf;inf;inf;inf;inf;inf;inf;inf;inf;inf;inf;inf;inf;inf;inf;inf;inf;inf;inf;inf;inf;inf;inf;inf;inf;inf;inf;inf;inf;inf;inf;inf;inf;inf;inf;inf;inf;inf;inf;inf;inf;inf;inf;inf;inf;inf;inf;inf;inf;inf;inf;inf;inf;inf;inf;inf;inf;
105;vazao_defluente_minima;0;0;0;0;0;0;0;0;0;0;0;0;0;0;0;0;0;0;0;0;0;0;0;0;0;0;0;0;0;0;0;0;0;0;0;0;0;0;0;0;0;0;0;0;0;0;0;0;0;0;0;0;0;0;0;0;0;0;0;0;
105;vazao_defluente_maxima;inf;inf;inf;inf;inf;inf;inf;inf;inf;inf;inf;inf;inf;inf;inf;inf;inf;inf;inf;inf;inf;inf;inf;inf;inf;inf;inf;inf;inf;inf;inf;inf;inf;inf;inf;inf;inf;inf;inf;inf;inf;inf;inf;inf;inf;inf;inf;inf;inf;inf;inf;inf;inf;inf;inf;inf;inf;inf;inf;inf;
106;vazao_defluente_minima;0;0;0;0;0;0;0;0;0;0;0;0;0;0;0;0;0;0;0;0;0;0;0;0;0;0;0;0;0;0;0;0;0;0;0;0;0;0;0;0;0;0;0;0;0;0;0;0;0;0;0;0;0;0;0;0;0;0;0;0;
106;vazao_defluente_maxima;inf;inf;inf;inf;inf;inf;inf;inf;inf;inf;inf;inf;inf;inf;inf;inf;inf;inf;inf;inf;inf;inf;inf;inf;inf;inf;inf;inf;inf;inf;inf;inf;inf;inf;inf;inf;inf;inf;inf;inf;inf;inf;inf;inf;inf;inf;inf;inf;inf;inf;inf;inf;inf;inf;inf;inf;inf;inf;inf;inf;
107;vazao_defluente_minima;0;0;0;0;0;0;0;0;0;0;0;0;0;0;0;0;0;0;0;0;0;0;0;0;0;0;0;0;0;0;0;0;0;0;0;0;0;0;0;0;0;0;0;0;0;0;0;0;0;0;0;0;0;0;0;0;0;0;0;0;
107;vazao_defluente_maxima;inf;inf;inf;inf;inf;inf;inf;inf;inf;inf;inf;inf;inf;inf;inf;inf;inf;inf;inf;inf;inf;inf;inf;inf;inf;inf;inf;inf;inf;inf;inf;inf;inf;inf;inf;inf;inf;inf;inf;inf;inf;inf;inf;inf;inf;inf;inf;inf;inf;inf;inf;inf;inf;inf;inf;inf;inf;inf;inf;inf;
108;vazao_defluente_minima;0;0;0;0;0;0;0;0;0;0;0;0;0;0;0;0;0;0;0;0;0;0;0;0;0;0;0;0;0;0;0;0;0;0;0;0;0;0;0;0;0;0;0;0;0;0;0;0;0;0;0;0;0;0;0;0;0;0;0;0;
108;vazao_defluente_maxima;inf;inf;inf;inf;inf;inf;inf;inf;inf;inf;inf;inf;inf;inf;inf;inf;inf;inf;inf;inf;inf;inf;inf;inf;inf;inf;inf;inf;inf;inf;inf;inf;inf;inf;inf;inf;inf;inf;inf;inf;inf;inf;inf;inf;inf;inf;inf;inf;inf;inf;inf;inf;inf;inf;inf;inf;inf;inf;inf;inf;
109;vazao_defluente_minima;0;0;0;0;0;0;0;0;0;0;0;0;0;0;0;0;0;0;0;0;0;0;0;0;0;0;0;0;0;0;0;0;0;0;0;0;0;0;0;0;0;0;0;0;0;0;0;0;0;0;0;0;0;0;0;0;0;0;0;0;
109;vazao_defluente_maxima;inf;inf;inf;inf;inf;inf;inf;inf;inf;inf;inf;inf;inf;inf;inf;inf;inf;inf;inf;inf;inf;inf;inf;inf;inf;inf;inf;inf;inf;inf;inf;inf;inf;inf;inf;inf;inf;inf;inf;inf;inf;inf;inf;inf;inf;inf;inf;inf;inf;inf;inf;inf;inf;inf;inf;inf;inf;inf;inf;inf;
110;vazao_defluente_minima;0;0;0;0;0;0;0;0;0;0;0;0;0;0;0;0;0;0;0;0;0;0;0;0;0;0;0;0;0;0;0;0;0;0;0;0;0;0;0;0;0;0;0;0;0;0;0;0;0;0;0;0;0;0;0;0;0;0;0;0;
110;vazao_defluente_maxima;inf;inf;inf;inf;inf;inf;inf;inf;inf;inf;inf;inf;inf;inf;inf;inf;inf;inf;inf;inf;inf;inf;inf;inf;inf;inf;inf;inf;inf;inf;inf;inf;inf;inf;inf;inf;inf;inf;inf;inf;inf;inf;inf;inf;inf;inf;inf;inf;inf;inf;inf;inf;inf;inf;inf;inf;inf;inf;inf;inf;
111;vazao_defluente_minima;0;0;0;0;0;0;0;0;0;0;0;0;0;0;0;0;0;0;0;0;0;0;0;0;0;0;0;0;0;0;0;0;0;0;0;0;0;0;0;0;0;0;0;0;0;0;0;0;0;0;0;0;0;0;0;0;0;0;0;0;
111;vazao_defluente_maxima;inf;inf;inf;inf;inf;inf;inf;inf;inf;inf;inf;inf;inf;inf;inf;inf;inf;inf;inf;inf;inf;inf;inf;inf;inf;inf;inf;inf;inf;inf;inf;inf;inf;inf;inf;inf;inf;inf;inf;inf;inf;inf;inf;inf;inf;inf;inf;inf;inf;inf;inf;inf;inf;inf;inf;inf;inf;inf;inf;inf;
112;vazao_defluente_minima;0;0;0;0;0;0;0;0;0;0;0;0;0;0;0;0;0;0;0;0;0;0;0;0;0;0;0;0;0;0;0;0;0;0;0;0;0;0;0;0;0;0;0;0;0;0;0;0;0;0;0;0;0;0;0;0;0;0;0;0;
112;vazao_defluente_maxima;inf;inf;inf;inf;inf;inf;inf;inf;inf;inf;inf;inf;inf;inf;inf;inf;inf;inf;inf;inf;inf;inf;inf;inf;inf;inf;inf;inf;inf;inf;inf;inf;inf;inf;inf;inf;inf;inf;inf;inf;inf;inf;inf;inf;inf;inf;inf;inf;inf;inf;inf;inf;inf;inf;inf;inf;inf;inf;inf;inf;
113;vazao_defluente_minima;0;0;0;0;0;0;0;0;0;0;0;0;0;0;0;0;0;0;0;0;0;0;0;0;0;0;0;0;0;0;0;0;0;0;0;0;0;0;0;0;0;0;0;0;0;0;0;0;0;0;0;0;0;0;0;0;0;0;0;0;
113;vazao_defluente_maxima;inf;inf;inf;inf;inf;inf;inf;inf;inf;inf;inf;inf;inf;inf;inf;inf;inf;inf;inf;inf;inf;inf;inf;inf;inf;inf;inf;inf;inf;inf;inf;inf;inf;inf;inf;inf;inf;inf;inf;inf;inf;inf;inf;inf;inf;inf;inf;inf;inf;inf;inf;inf;inf;inf;inf;inf;inf;inf;inf;inf;
114;vazao_defluente_minima;0;0;0;0;0;0;0;0;0;0;0;0;0;0;0;0;0;0;0;0;0;0;0;0;0;0;0;0;0;0;0;0;0;0;0;0;0;0;0;0;0;0;0;0;0;0;0;0;0;0;0;0;0;0;0;0;0;0;0;0;
114;vazao_defluente_maxima;inf;inf;inf;inf;inf;inf;inf;inf;inf;inf;inf;inf;inf;inf;inf;inf;inf;inf;inf;inf;inf;inf;inf;inf;inf;inf;inf;inf;inf;inf;inf;inf;inf;inf;inf;inf;inf;inf;inf;inf;inf;inf;inf;inf;inf;inf;inf;inf;inf;inf;inf;inf;inf;inf;inf;inf;inf;inf;inf;inf;
115;vazao_defluente_minima;0;0;0;0;0;0;0;0;0;0;0;0;0;0;0;0;0;0;0;0;0;0;0;0;0;0;0;0;0;0;0;0;0;0;0;0;0;0;0;0;0;0;0;0;0;0;0;0;0;0;0;0;0;0;0;0;0;0;0;0;
115;vazao_defluente_maxima;inf;inf;inf;inf;inf;inf;inf;inf;inf;inf;inf;inf;inf;inf;inf;inf;inf;inf;inf;inf;inf;inf;inf;inf;inf;inf;inf;inf;inf;inf;inf;inf;inf;inf;inf;inf;inf;inf;inf;inf;inf;inf;inf;inf;inf;inf;inf;inf;inf;inf;inf;inf;inf;inf;inf;inf;inf;inf;inf;inf;
116;vazao_defluente_minima;0;0;0;0;0;0;0;0;0;0;0;0;0;0;0;0;0;0;0;0;0;0;0;0;0;0;0;0;0;0;0;0;0;0;0;0;0;0;0;0;0;0;0;0;0;0;0;0;0;0;0;0;0;0;0;0;0;0;0;0;
116;vazao_defluente_maxima;inf;inf;inf;inf;inf;inf;inf;inf;inf;inf;inf;inf;inf;inf;inf;inf;inf;inf;inf;inf;inf;inf;inf;inf;inf;inf;inf;inf;inf;inf;inf;inf;inf;inf;inf;inf;inf;inf;inf;inf;inf;inf;inf;inf;inf;inf;inf;inf;inf;inf;inf;inf;inf;inf;inf;inf;inf;inf;inf;inf;
117;vazao_defluente_minima;0;0;0;0;0;0;0;0;0;0;0;0;0;0;0;0;0;0;0;0;0;0;0;0;0;0;0;0;0;0;0;0;0;0;0;0;0;0;0;0;0;0;0;0;0;0;0;0;0;0;0;0;0;0;0;0;0;0;0;0;
117;vazao_defluente_maxima;inf;inf;inf;inf;inf;inf;inf;inf;inf;inf;inf;inf;inf;inf;inf;inf;inf;inf;inf;inf;inf;inf;inf;inf;inf;inf;inf;inf;inf;inf;inf;inf;inf;inf;inf;inf;inf;inf;inf;inf;inf;inf;inf;inf;inf;inf;inf;inf;inf;inf;inf;inf;inf;inf;inf;inf;inf;inf;inf;inf;
118;vazao_defluente_minima;0;0;0;0;0;0;0;0;0;0;0;0;0;0;0;0;0;0;0;0;0;0;0;0;0;0;0;0;0;0;0;0;0;0;0;0;0;0;0;0;0;0;0;0;0;0;0;0;0;0;0;0;0;0;0;0;0;0;0;0;
118;vazao_defluente_maxima;inf;inf;inf;inf;inf;inf;inf;inf;inf;inf;inf;inf;inf;inf;inf;inf;inf;inf;inf;inf;inf;inf;inf;inf;inf;inf;inf;inf;inf;inf;inf;inf;inf;inf;inf;inf;inf;inf;inf;inf;inf;inf;inf;inf;inf;inf;inf;inf;inf;inf;inf;inf;inf;inf;inf;inf;inf;inf;inf;inf;
119;vazao_defluente_minima;0;0;0;0;0;0;0;0;0;0;0;0;0;0;0;0;0;0;0;0;0;0;0;0;0;0;0;0;0;0;0;0;0;0;0;0;0;0;0;0;0;0;0;0;0;0;0;0;0;0;0;0;0;0;0;0;0;0;0;0;
119;vazao_defluente_maxima;inf;inf;inf;inf;inf;inf;inf;inf;inf;inf;inf;inf;inf;inf;inf;inf;inf;inf;inf;inf;inf;inf;inf;inf;inf;inf;inf;inf;inf;inf;inf;inf;inf;inf;inf;inf;inf;inf;inf;inf;inf;inf;inf;inf;inf;inf;inf;inf;inf;inf;inf;inf;inf;inf;inf;inf;inf;inf;inf;inf;
120;vazao_defluente_minima;0;0;0;0;0;0;0;0;0;0;0;0;0;0;0;0;0;0;0;0;0;0;0;0;0;0;0;0;0;0;0;0;0;0;0;0;0;0;0;0;0;0;0;0;0;0;0;0;0;0;0;0;0;0;0;0;0;0;0;0;
120;vazao_defluente_maxima;inf;inf;inf;inf;inf;inf;inf;inf;inf;inf;inf;inf;inf;inf;inf;inf;inf;inf;inf;inf;inf;inf;inf;inf;inf;inf;inf;inf;inf;inf;inf;inf;inf;inf;inf;inf;inf;inf;inf;inf;inf;inf;inf;inf;inf;inf;inf;inf;inf;inf;inf;inf;inf;inf;inf;inf;inf;inf;inf;inf;
121;vazao_defluente_minima;0;0;0;0;0;0;0;0;0;0;0;0;0;0;0;0;0;0;0;0;0;0;0;0;0;0;0;0;0;0;0;0;0;0;0;0;0;0;0;0;0;0;0;0;0;0;0;0;0;0;0;0;0;0;0;0;0;0;0;0;
121;vazao_defluente_maxima;inf;inf;inf;inf;inf;inf;inf;inf;inf;inf;inf;inf;inf;inf;inf;inf;inf;inf;inf;inf;inf;inf;inf;inf;inf;inf;inf;inf;inf;inf;inf;inf;inf;inf;inf;inf;inf;inf;inf;inf;inf;inf;inf;inf;inf;inf;inf;inf;inf;inf;inf;inf;inf;inf;inf;inf;inf;inf;inf;inf;
122;vazao_defluente_minima;0;0;0;0;0;0;0;0;0;0;0;0;0;0;0;0;0;0;0;0;0;0;0;0;0;0;0;0;0;0;0;0;0;0;0;0;0;0;0;0;0;0;0;0;0;0;0;0;0;0;0;0;0;0;0;0;0;0;0;0;
122;vazao_defluente_maxima;inf;inf;inf;inf;inf;inf;inf;inf;inf;inf;inf;inf;inf;inf;inf;inf;inf;inf;inf;inf;inf;inf;inf;inf;inf;inf;inf;inf;inf;inf;inf;inf;inf;inf;inf;inf;inf;inf;inf;inf;inf;inf;inf;inf;inf;inf;inf;inf;inf;inf;inf;inf;inf;inf;inf;inf;inf;inf;inf;inf;
123;vazao_defluente_minima;0;0;0;0;0;0;0;0;0;0;0;0;0;0;0;0;0;0;0;0;0;0;0;0;0;0;0;0;0;0;0;0;0;0;0;0;0;0;0;0;0;0;0;0;0;0;0;0;0;0;0;0;0;0;0;0;0;0;0;0;
123;vazao_defluente_maxima;inf;inf;inf;inf;inf;inf;inf;inf;inf;inf;inf;inf;inf;inf;inf;inf;inf;inf;inf;inf;inf;inf;inf;inf;inf;inf;inf;inf;inf;inf;inf;inf;inf;inf;inf;inf;inf;inf;inf;inf;inf;inf;inf;inf;inf;inf;inf;inf;inf;inf;inf;inf;inf;inf;inf;inf;inf;inf;inf;inf;
124;vazao_defluente_minima;0;0;0;0;0;0;0;0;0;0;0;0;0;0;0;0;0;0;0;0;0;0;0;0;0;0;0;0;0;0;0;0;0;0;0;0;0;0;0;0;0;0;0;0;0;0;0;0;0;0;0;0;0;0;0;0;0;0;0;0;
124;vazao_defluente_maxima;inf;inf;inf;inf;inf;inf;inf;inf;inf;inf;inf;inf;inf;inf;inf;inf;inf;inf;inf;inf;inf;inf;inf;inf;inf;inf;inf;inf;inf;inf;inf;inf;inf;inf;inf;inf;inf;inf;inf;inf;inf;inf;inf;inf;inf;inf;inf;inf;inf;inf;inf;inf;inf;inf;inf;inf;inf;inf;inf;inf;
125;vazao_defluente_minima;0;0;0;0;0;0;0;0;0;0;0;0;0;0;0;0;0;0;0;0;0;0;0;0;0;0;0;0;0;0;0;0;0;0;0;0;0;0;0;0;0;0;0;0;0;0;0;0;0;0;0;0;0;0;0;0;0;0;0;0;
125;vazao_defluente_maxima;inf;inf;inf;inf;inf;inf;inf;inf;inf;inf;inf;inf;inf;inf;inf;inf;inf;inf;inf;inf;inf;inf;inf;inf;inf;inf;inf;inf;inf;inf;inf;inf;inf;inf;inf;inf;inf;inf;inf;inf;inf;inf;inf;inf;inf;inf;inf;inf;inf;inf;inf;inf;inf;inf;inf;inf;inf;inf;inf;inf;
126;vazao_defluente_minima;0;0;0;0;0;0;0;0;0;0;0;0;0;0;0;0;0;0;0;0;0;0;0;0;0;0;0;0;0;0;0;0;0;0;0;0;0;0;0;0;0;0;0;0;0;0;0;0;0;0;0;0;0;0;0;0;0;0;0;0;
126;vazao_defluente_maxima;inf;inf;inf;inf;inf;inf;inf;inf;inf;inf;inf;inf;inf;inf;inf;inf;inf;inf;inf;inf;inf;inf;inf;inf;inf;inf;inf;inf;inf;inf;inf;inf;inf;inf;inf;inf;inf;inf;inf;inf;inf;inf;inf;inf;inf;inf;inf;inf;inf;inf;inf;inf;inf;inf;inf;inf;inf;inf;inf;inf;
127;vazao_defluente_minima;0;0;0;0;0;0;0;0;0;0;0;0;0;0;0;0;0;0;0;0;0;0;0;0;0;0;0;0;0;0;0;0;0;0;0;0;0;0;0;0;0;0;0;0;0;0;0;0;0;0;0;0;0;0;0;0;0;0;0;0;
127;vazao_defluente_maxima;inf;inf;inf;inf;inf;inf;inf;inf;inf;inf;inf;inf;inf;inf;inf;inf;inf;inf;inf;inf;inf;inf;inf;inf;inf;inf;inf;inf;inf;inf;inf;inf;inf;inf;inf;inf;inf;inf;inf;inf;inf;inf;inf;inf;inf;inf;inf;inf;inf;inf;inf;inf;inf;inf;inf;inf;inf;inf;inf;inf;
128;vazao_defluente_minima;0;0;0;0;0;0;0;0;0;0;0;0;0;0;0;0;0;0;0;0;0;0;0;0;0;0;0;0;0;0;0;0;0;0;0;0;0;0;0;0;0;0;0;0;0;0;0;0;0;0;0;0;0;0;0;0;0;0;0;0;
128;vazao_defluente_maxima;inf;inf;inf;inf;inf;inf;inf;inf;inf;inf;inf;inf;inf;inf;inf;inf;inf;inf;inf;inf;inf;inf;inf;inf;inf;inf;inf;inf;inf;inf;inf;inf;inf;inf;inf;inf;inf;inf;inf;inf;inf;inf;inf;inf;inf;inf;inf;inf;inf;inf;inf;inf;inf;inf;inf;inf;inf;inf;inf;inf;
129;vazao_defluente_minima;0;0;0;0;0;0;0;0;0;0;0;0;0;0;0;0;0;0;0;0;0;0;0;0;0;0;0;0;0;0;0;0;0;0;0;0;0;0;0;0;0;0;0;0;0;0;0;0;0;0;0;0;0;0;0;0;0;0;0;0;
129;vazao_defluente_maxima;inf;inf;inf;inf;inf;inf;inf;inf;inf;inf;inf;inf;inf;inf;inf;inf;inf;inf;inf;inf;inf;inf;inf;inf;inf;inf;inf;inf;inf;inf;inf;inf;inf;inf;inf;inf;inf;inf;inf;inf;inf;inf;inf;inf;inf;inf;inf;inf;inf;inf;inf;inf;inf;inf;inf;inf;inf;inf;inf;inf;
130;vazao_defluente_minima;0;0;0;0;0;0;0;0;0;0;0;0;0;0;0;0;0;0;0;0;0;0;0;0;0;0;0;0;0;0;0;0;0;0;0;0;0;0;0;0;0;0;0;0;0;0;0;0;0;0;0;0;0;0;0;0;0;0;0;0;
130;vazao_defluente_maxima;inf;inf;inf;inf;inf;inf;inf;inf;inf;inf;inf;inf;inf;inf;inf;inf;inf;inf;inf;inf;inf;inf;inf;inf;inf;inf;inf;inf;inf;inf;inf;inf;inf;inf;inf;inf;inf;inf;inf;inf;inf;inf;inf;inf;inf;inf;inf;inf;inf;inf;inf;inf;inf;inf;inf;inf;inf;inf;inf;inf;
131;vazao_defluente_minima;0;0;0;0;0;0;0;0;0;0;0;0;0;0;0;0;0;0;0;0;0;0;0;0;0;0;0;0;0;0;0;0;0;0;0;0;0;0;0;0;0;0;0;0;0;0;0;0;0;0;0;0;0;0;0;0;0;0;0;0;
131;vazao_defluente_maxima;inf;inf;inf;inf;inf;inf;inf;inf;inf;inf;inf;inf;inf;inf;inf;inf;inf;inf;inf;inf;inf;inf;inf;inf;inf;inf;inf;inf;inf;inf;inf;inf;inf;inf;inf;inf;inf;inf;inf;inf;inf;inf;inf;inf;inf;inf;inf;inf;inf;inf;inf;inf;inf;inf;inf;inf;inf;inf;inf;inf;
132;vazao_defluente_minima;0;0;0;0;0;0;0;0;0;0;0;0;0;0;0;0;0;0;0;0;0;0;0;0;0;0;0;0;0;0;0;0;0;0;0;0;0;0;0;0;0;0;0;0;0;0;0;0;0;0;0;0;0;0;0;0;0;0;0;0;
132;vazao_defluente_maxima;inf;inf;inf;inf;inf;inf;inf;inf;inf;inf;inf;inf;inf;inf;inf;inf;inf;inf;inf;inf;inf;inf;inf;inf;inf;inf;inf;inf;inf;inf;inf;inf;inf;inf;inf;inf;inf;inf;inf;inf;inf;inf;inf;inf;inf;inf;inf;inf;inf;inf;inf;inf;inf;inf;inf;inf;inf;inf;inf;inf;
133;vazao_defluente_minima;0;0;0;0;0;0;0;0;0;0;0;0;0;0;0;0;0;0;0;0;0;0;0;0;0;0;0;0;0;0;0;0;0;0;0;0;0;0;0;0;0;0;0;0;0;0;0;0;0;0;0;0;0;0;0;0;0;0;0;0;
133;vazao_defluente_maxima;inf;inf;inf;inf;inf;inf;inf;inf;inf;inf;inf;inf;inf;inf;inf;inf;inf;inf;inf;inf;inf;inf;inf;inf;inf;inf;inf;inf;inf;inf;inf;inf;inf;inf;inf;inf;inf;inf;inf;inf;inf;inf;inf;inf;inf;inf;inf;inf;inf;inf;inf;inf;inf;inf;inf;inf;inf;inf;inf;inf;
134;vazao_defluente_minima;0;0;0;0;0;0;0;0;0;0;0;0;0;0;0;0;0;0;0;0;0;0;0;0;0;0;0;0;0;0;0;0;0;0;0;0;0;0;0;0;0;0;0;0;0;0;0;0;0;0;0;0;0;0;0;0;0;0;0;0;
134;vazao_defluente_maxima;inf;inf;inf;inf;inf;inf;inf;inf;inf;inf;inf;inf;inf;inf;inf;inf;inf;inf;inf;inf;inf;inf;inf;inf;inf;inf;inf;inf;inf;inf;inf;inf;inf;inf;inf;inf;inf;inf;inf;inf;inf;inf;inf;inf;inf;inf;inf;inf;inf;inf;inf;inf;inf;inf;inf;inf;inf;inf;inf;inf;
135;vazao_defluente_minima;0;0;0;0;0;0;0;0;0;0;0;0;0;0;0;0;0;0;0;0;0;0;0;0;0;0;0;0;0;0;0;0;0;0;0;0;0;0;0;0;0;0;0;0;0;0;0;0;0;0;0;0;0;0;0;0;0;0;0;0;
135;vazao_defluente_maxima;inf;inf;inf;inf;inf;inf;inf;inf;inf;inf;inf;inf;inf;inf;inf;inf;inf;inf;inf;inf;inf;inf;inf;inf;inf;inf;inf;inf;inf;inf;inf;inf;inf;inf;inf;inf;inf;inf;inf;inf;inf;inf;inf;inf;inf;inf;inf;inf;inf;inf;inf;inf;inf;inf;inf;inf;inf;inf;inf;inf;
136;vazao_defluente_minima;0;0;0;0;0;0;0;0;0;0;0;0;0;0;0;0;0;0;0;0;0;0;0;0;0;0;0;0;0;0;0;0;0;0;0;0;0;0;0;0;0;0;0;0;0;0;0;0;0;0;0;0;0;0;0;0;0;0;0;0;
136;vazao_defluente_maxima;inf;inf;inf;inf;inf;inf;inf;inf;inf;inf;inf;inf;inf;inf;inf;inf;inf;inf;inf;inf;inf;inf;inf;inf;inf;inf;inf;inf;inf;inf;inf;inf;inf;inf;inf;inf;inf;inf;inf;inf;inf;inf;inf;inf;inf;inf;inf;inf;inf;inf;inf;inf;inf;inf;inf;inf;inf;inf;inf;inf;
137;vazao_defluente_minima;0;0;0;0;0;0;0;0;0;0;0;0;0;0;0;0;0;0;0;0;0;0;0;0;0;0;0;0;0;0;0;0;0;0;0;0;0;0;0;0;0;0;0;0;0;0;0;0;0;0;0;0;0;0;0;0;0;0;0;0;
137;vazao_defluente_maxima;inf;inf;inf;inf;inf;inf;inf;inf;inf;inf;inf;inf;inf;inf;inf;inf;inf;inf;inf;inf;inf;inf;inf;inf;inf;inf;inf;inf;inf;inf;inf;inf;inf;inf;inf;inf;inf;inf;inf;inf;inf;inf;inf;inf;inf;inf;inf;inf;inf;inf;inf;inf;inf;inf;inf;inf;inf;inf;inf;inf;
138;vazao_defluente_minima;0;0;0;0;0;0;0;0;0;0;0;0;0;0;0;0;0;0;0;0;0;0;0;0;0;0;0;0;0;0;0;0;0;0;0;0;0;0;0;0;0;0;0;0;0;0;0;0;0;0;0;0;0;0;0;0;0;0;0;0;
138;vazao_defluente_maxima;inf;inf;inf;inf;inf;inf;inf;inf;inf;inf;inf;inf;inf;inf;inf;inf;inf;inf;inf;inf;inf;inf;inf;inf;inf;inf;inf;inf;inf;inf;inf;inf;inf;inf;inf;inf;inf;inf;inf;inf;inf;inf;inf;inf;inf;inf;inf;inf;inf;inf;inf;inf;inf;inf;inf;inf;inf;inf;inf;inf;
139;vazao_defluente_minima;0;0;0;0;0;0;0;0;0;0;0;0;0;0;0;0;0;0;0;0;0;0;0;0;0;0;0;0;0;0;0;0;0;0;0;0;0;0;0;0;0;0;0;0;0;0;0;0;0;0;0;0;0;0;0;0;0;0;0;0;
139;vazao_defluente_maxima;inf;inf;inf;inf;inf;inf;inf;inf;inf;inf;inf;inf;inf;inf;inf;inf;inf;inf;inf;inf;inf;inf;inf;inf;inf;inf;inf;inf;inf;inf;inf;inf;inf;inf;inf;inf;inf;inf;inf;inf;inf;inf;inf;inf;inf;inf;inf;inf;inf;inf;inf;inf;inf;inf;inf;inf;inf;inf;inf;inf;
140;vazao_defluente_minima;0;0;0;0;0;0;0;0;0;0;0;0;0;0;0;0;0;0;0;0;0;0;0;0;0;0;0;0;0;0;0;0;0;0;0;0;0;0;0;0;0;0;0;0;0;0;0;0;0;0;0;0;0;0;0;0;0;0;0;0;
140;vazao_defluente_maxima;inf;inf;inf;inf;inf;inf;inf;inf;inf;inf;inf;inf;inf;inf;inf;inf;inf;inf;inf;inf;inf;inf;inf;inf;inf;inf;inf;inf;inf;inf;inf;inf;inf;inf;inf;inf;inf;inf;inf;inf;inf;inf;inf;inf;inf;inf;inf;inf;inf;inf;inf;inf;inf;inf;inf;inf;inf;inf;inf;inf;
141;vazao_defluente_minima;0;0;0;0;0;0;0;0;0;0;0;0;0;0;0;0;0;0;0;0;0;0;0;0;0;0;0;0;0;0;0;0;0;0;0;0;0;0;0;0;0;0;0;0;0;0;0;0;0;0;0;0;0;0;0;0;0;0;0;0;
141;vazao_defluente_maxima;inf;inf;inf;inf;inf;inf;inf;inf;inf;inf;inf;inf;inf;inf;inf;inf;inf;inf;inf;inf;inf;inf;inf;inf;inf;inf;inf;inf;inf;inf;inf;inf;inf;inf;inf;inf;inf;inf;inf;inf;inf;inf;inf;inf;inf;inf;inf;inf;inf;inf;inf;inf;inf;inf;inf;inf;inf;inf;inf;inf;
142;vazao_defluente_minima;0;0;0;0;0;0;0;0;0;0;0;0;0;0;0;0;0;0;0;0;0;0;0;0;0;0;0;0;0;0;0;0;0;0;0;0;0;0;0;0;0;0;0;0;0;0;0;0;0;0;0;0;0;0;0;0;0;0;0;0;
142;vazao_defluente_maxima;inf;inf;inf;inf;inf;inf;inf;inf;inf;inf;inf;inf;inf;inf;inf;inf;inf;inf;inf;inf;inf;inf;inf;inf;inf;inf;inf;inf;inf;inf;inf;inf;inf;inf;inf;inf;inf;inf;inf;inf;inf;inf;inf;inf;inf;inf;inf;inf;inf;inf;inf;inf;inf;inf;inf;inf;inf;inf;inf;inf;
143;vazao_defluente_minima;0;0;0;0;0;0;0;0;0;0;0;0;0;0;0;0;0;0;0;0;0;0;0;0;0;0;0;0;0;0;0;0;0;0;0;0;0;0;0;0;0;0;0;0;0;0;0;0;0;0;0;0;0;0;0;0;0;0;0;0;
143;vazao_defluente_maxima;inf;inf;inf;inf;inf;inf;inf;inf;inf;inf;inf;inf;inf;inf;inf;inf;inf;inf;inf;inf;inf;inf;inf;inf;inf;inf;inf;inf;inf;inf;inf;inf;inf;inf;inf;inf;inf;inf;inf;inf;inf;inf;inf;inf;inf;inf;inf;inf;inf;inf;inf;inf;inf;inf;inf;inf;inf;inf;inf;inf;
144;vazao_defluente_minima;0;0;0;0;0;0;0;0;0;0;0;0;0;0;0;0;0;0;0;0;0;0;0;0;0;0;0;0;0;0;0;0;0;0;0;0;0;0;0;0;0;0;0;0;0;0;0;0;0;0;0;0;0;0;0;0;0;0;0;0;
144;vazao_defluente_maxima;inf;inf;inf;inf;inf;inf;inf;inf;inf;inf;inf;inf;inf;inf;inf;inf;inf;inf;inf;inf;inf;inf;inf;inf;inf;inf;inf;inf;inf;inf;inf;inf;inf;inf;inf;inf;inf;inf;inf;inf;inf;inf;inf;inf;inf;inf;inf;inf;inf;inf;inf;inf;inf;inf;inf;inf;inf;inf;inf;inf;
145;vazao_defluente_minima;0;0;0;0;0;0;0;0;0;0;0;0;0;0;0;0;0;0;0;0;0;0;0;0;0;0;0;0;0;0;0;0;0;0;0;0;0;0;0;0;0;0;0;0;0;0;0;0;0;0;0;0;0;0;0;0;0;0;0;0;
145;vazao_defluente_maxima;inf;inf;inf;inf;inf;inf;inf;inf;inf;inf;inf;inf;inf;inf;inf;inf;inf;inf;inf;inf;inf;inf;inf;inf;inf;inf;inf;inf;inf;inf;inf;inf;inf;inf;inf;inf;inf;inf;inf;inf;inf;inf;inf;inf;inf;inf;inf;inf;inf;inf;inf;inf;inf;inf;inf;inf;inf;inf;inf;inf;
146;vazao_defluente_minima;0;0;0;0;0;0;0;0;0;0;0;0;0;0;0;0;0;0;0;0;0;0;0;0;0;0;0;0;0;0;0;0;0;0;0;0;0;0;0;0;0;0;0;0;0;0;0;0;0;0;0;0;0;0;0;0;0;0;0;0;
146;vazao_defluente_maxima;inf;inf;inf;inf;inf;inf;inf;inf;inf;inf;inf;inf;inf;inf;inf;inf;inf;inf;inf;inf;inf;inf;inf;inf;inf;inf;inf;inf;inf;inf;inf;inf;inf;inf;inf;inf;inf;inf;inf;inf;inf;inf;inf;inf;inf;inf;inf;inf;inf;inf;inf;inf;inf;inf;inf;inf;inf;inf;inf;inf;
147;vazao_defluente_minima;0;0;0;0;0;0;0;0;0;0;0;0;0;0;0;0;0;0;0;0;0;0;0;0;0;0;0;0;0;0;0;0;0;0;0;0;0;0;0;0;0;0;0;0;0;0;0;0;0;0;0;0;0;0;0;0;0;0;0;0;
147;vazao_defluente_maxima;inf;inf;inf;inf;inf;inf;inf;inf;inf;inf;inf;inf;inf;inf;inf;inf;inf;inf;inf;inf;inf;inf;inf;inf;inf;inf;inf;inf;inf;inf;inf;inf;inf;inf;inf;inf;inf;inf;inf;inf;inf;inf;inf;inf;inf;inf;inf;inf;inf;inf;inf;inf;inf;inf;inf;inf;inf;inf;inf;inf;
148;vazao_defluente_minima;0;0;0;0;0;0;0;0;0;0;0;0;0;0;0;0;0;0;0;0;0;0;0;0;0;0;0;0;0;0;0;0;0;0;0;0;0;0;0;0;0;0;0;0;0;0;0;0;0;0;0;0;0;0;0;0;0;0;0;0;
148;vazao_defluente_maxima;inf;inf;inf;inf;inf;inf;inf;inf;inf;inf;inf;inf;inf;inf;inf;inf;inf;inf;inf;inf;inf;inf;inf;inf;inf;inf;inf;inf;inf;inf;inf;inf;inf;inf;inf;inf;inf;inf;inf;inf;inf;inf;inf;inf;inf;inf;inf;inf;inf;inf;inf;inf;inf;inf;inf;inf;inf;inf;inf;inf;
149;vazao_defluente_minima;0;0;0;0;0;0;0;0;0;0;0;0;0;0;0;0;0;0;0;0;0;0;0;0;0;0;0;0;0;0;0;0;0;0;0;0;0;0;0;0;0;0;0;0;0;0;0;0;0;0;0;0;0;0;0;0;0;0;0;0;
149;vazao_defluente_maxima;inf;inf;inf;inf;inf;inf;inf;inf;inf;inf;inf;inf;inf;inf;inf;inf;inf;inf;inf;inf;inf;inf;inf;inf;inf;inf;inf;inf;inf;inf;inf;inf;inf;inf;inf;inf;inf;inf;inf;inf;inf;inf;inf;inf;inf;inf;inf;inf;inf;inf;inf;inf;inf;inf;inf;inf;inf;inf;inf;inf;
150;vazao_defluente_minima;0;0;0;0;0;0;0;0;0;0;0;0;0;0;0;0;0;0;0;0;0;0;0;0;0;0;0;0;0;0;0;0;0;0;0;0;0;0;0;0;0;0;0;0;0;0;0;0;0;0;0;0;0;0;0;0;0;0;0;0;
150;vazao_defluente_maxima;inf;inf;inf;inf;inf;inf;inf;inf;inf;inf;inf;inf;inf;inf;inf;inf;inf;inf;inf;inf;inf;inf;inf;inf;inf;inf;inf;inf;inf;inf;inf;inf;inf;inf;inf;inf;inf;inf;inf;inf;inf;inf;inf;inf;inf;inf;inf;inf;inf;inf;inf;inf;inf;inf;inf;inf;inf;inf;inf;inf;
151;vazao_defluente_minima;0;0;0;0;0;0;0;0;0;0;0;0;0;0;0;0;0;0;0;0;0;0;0;0;0;0;0;0;0;0;0;0;0;0;0;0;0;0;0;0;0;0;0;0;0;0;0;0;0;0;0;0;0;0;0;0;0;0;0;0;
151;vazao_defluente_maxima;inf;inf;inf;inf;inf;inf;inf;inf;inf;inf;inf;inf;inf;inf;inf;inf;inf;inf;inf;inf;inf;inf;inf;inf;inf;inf;inf;inf;inf;inf;inf;inf;inf;inf;inf;inf;inf;inf;inf;inf;inf;inf;inf;inf;inf;inf;inf;inf;inf;inf;inf;inf;inf;inf;inf;inf;inf;inf;inf;inf;
152;vazao_defluente_minima;0;0;0;0;0;0;0;0;0;0;0;0;0;0;0;0;0;0;0;0;0;0;0;0;0;0;0;0;0;0;0;0;0;0;0;0;0;0;0;0;0;0;0;0;0;0;0;0;0;0;0;0;0;0;0;0;0;0;0;0;
152;vazao_defluente_maxima;inf;inf;inf;inf;inf;inf;inf;inf;inf;inf;inf;inf;inf;inf;inf;inf;inf;inf;inf;inf;inf;inf;inf;inf;inf;inf;inf;inf;inf;inf;inf;inf;inf;inf;inf;inf;inf;inf;inf;inf;inf;inf;inf;inf;inf;inf;inf;inf;inf;inf;inf;inf;inf;inf;inf;inf;inf;inf;inf;inf;
153;vazao_defluente_minima;0;0;0;0;0;0;0;0;0;0;0;0;0;0;0;0;0;0;0;0;0;0;0;0;0;0;0;0;0;0;0;0;0;0;0;0;0;0;0;0;0;0;0;0;0;0;0;0;0;0;0;0;0;0;0;0;0;0;0;0;
153;vazao_defluente_maxima;inf;inf;inf;inf;inf;inf;inf;inf;inf;inf;inf;inf;inf;inf;inf;inf;inf;inf;inf;inf;inf;inf;inf;inf;inf;inf;inf;inf;inf;inf;inf;inf;inf;inf;inf;inf;inf;inf;inf;inf;inf;inf;inf;inf;inf;inf;inf;inf;inf;inf;inf;inf;inf;inf;inf;inf;inf;inf;inf;inf;
154;vazao_defluente_minima;0;0;0;0;0;0;0;0;0;0;0;0;0;0;0;0;0;0;0;0;0;0;0;0;0;0;0;0;0;0;0;0;0;0;0;0;0;0;0;0;0;0;0;0;0;0;0;0;0;0;0;0;0;0;0;0;0;0;0;0;
154;vazao_defluente_maxima;inf;inf;inf;inf;inf;inf;inf;inf;inf;inf;inf;inf;inf;inf;inf;inf;inf;inf;inf;inf;inf;inf;inf;inf;inf;inf;inf;inf;inf;inf;inf;inf;inf;inf;inf;inf;inf;inf;inf;inf;inf;inf;inf;inf;inf;inf;inf;inf;inf;inf;inf;inf;inf;inf;inf;inf;inf;inf;inf;inf;
155;vazao_defluente_minima;0;0;0;0;0;0;0;0;0;0;0;0;0;0;0;0;0;0;0;0;0;0;0;0;0;0;0;0;0;0;0;0;0;0;0;0;0;0;0;0;0;0;0;0;0;0;0;0;0;0;0;0;0;0;0;0;0;0;0;0;
155;vazao_defluente_maxima;inf;inf;inf;inf;inf;inf;inf;inf;inf;inf;inf;inf;inf;inf;inf;inf;inf;inf;inf;inf;inf;inf;inf;inf;inf;inf;inf;inf;inf;inf;inf;inf;inf;inf;inf;inf;inf;inf;inf;inf;inf;inf;inf;inf;inf;inf;inf;inf;inf;inf;inf;inf;inf;inf;inf;inf;inf;inf;inf;inf;
156;vazao_defluente_minima;0;0;0;0;0;0;0;0;0;0;0;0;0;0;0;0;0;0;0;0;0;0;0;0;0;0;0;0;0;0;0;0;0;0;0;0;0;0;0;0;0;0;0;0;0;0;0;0;0;0;0;0;0;0;0;0;0;0;0;0;
156;vazao_defluente_maxima;inf;inf;inf;inf;inf;inf;inf;inf;inf;inf;inf;inf;inf;inf;inf;inf;inf;inf;inf;inf;inf;inf;inf;inf;inf;inf;inf;inf;inf;inf;inf;inf;inf;inf;inf;inf;inf;inf;inf;inf;inf;inf;inf;inf;inf;inf;inf;inf;inf;inf;inf;inf;inf;inf;inf;inf;inf;inf;inf;inf;
157;vazao_defluente_minima;0;0;0;0;0;0;0;0;0;0;0;0;0;0;0;0;0;0;0;0;0;0;0;0;0;0;0;0;0;0;0;0;0;0;0;0;0;0;0;0;0;0;0;0;0;0;0;0;0;0;0;0;0;0;0;0;0;0;0;0;
157;vazao_defluente_maxima;inf;inf;inf;inf;inf;inf;inf;inf;inf;inf;inf;inf;inf;inf;inf;inf;inf;inf;inf;inf;inf;inf;inf;inf;inf;inf;inf;inf;inf;inf;inf;inf;inf;inf;inf;inf;inf;inf;inf;inf;inf;inf;inf;inf;inf;inf;inf;inf;inf;inf;inf;inf;inf;inf;inf;inf;inf;inf;inf;inf;
158;vazao_defluente_minima;0;0;0;0;0;0;0;0;0;0;0;0;0;0;0;0;0;0;0;0;0;0;0;0;0;0;0;0;0;0;0;0;0;0;0;0;0;0;0;0;0;0;0;0;0;0;0;0;0;0;0;0;0;0;0;0;0;0;0;0;
158;vazao_defluente_maxima;inf;inf;inf;inf;inf;inf;inf;inf;inf;inf;inf;inf;inf;inf;inf;inf;inf;inf;inf;inf;inf;inf;inf;inf;inf;inf;inf;inf;inf;inf;inf;inf;inf;inf;inf;inf;inf;inf;inf;inf;inf;inf;inf;inf;inf;inf;inf;inf;inf;inf;inf;inf;inf;inf;inf;inf;inf;inf;inf;inf;
159;vazao_defluente_minima;0;0;0;0;0;0;0;0;0;0;0;0;0;0;0;0;0;0;0;0;0;0;0;0;0;0;0;0;0;0;0;0;0;0;0;0;0;0;0;0;0;0;0;0;0;0;0;0;0;0;0;0;0;0;0;0;0;0;0;0;
159;vazao_defluente_maxima;inf;inf;inf;inf;inf;inf;inf;inf;inf;inf;inf;inf;inf;inf;inf;inf;inf;inf;inf;inf;inf;inf;inf;inf;inf;inf;inf;inf;inf;inf;inf;inf;inf;inf;inf;inf;inf;inf;inf;inf;inf;inf;inf;inf;inf;inf;inf;inf;inf;inf;inf;inf;inf;inf;inf;inf;inf;inf;inf;inf;
160;vazao_defluente_minima;0;0;0;0;0;0;0;0;0;0;0;0;0;0;0;0;0;0;0;0;0;0;0;0;0;0;0;0;0;0;0;0;0;0;0;0;0;0;0;0;0;0;0;0;0;0;0;0;0;0;0;0;0;0;0;0;0;0;0;0;
160;vazao_defluente_maxima;inf;inf;inf;inf;inf;inf;inf;inf;inf;inf;inf;inf;inf;inf;inf;inf;inf;inf;inf;inf;inf;inf;inf;inf;inf;inf;inf;inf;inf;inf;inf;inf;inf;inf;inf;inf;inf;inf;inf;inf;inf;inf;inf;inf;inf;inf;inf;inf;inf;inf;inf;inf;inf;inf;inf;inf;inf;inf;inf;inf;
161;vazao_defluente_minima;0;0;0;0;0;0;0;0;0;0;0;0;0;0;0;0;0;0;0;0;0;0;0;0;0;0;0;0;0;0;0;0;0;0;0;0;0;0;0;0;0;0;0;0;0;0;0;0;0;0;0;0;0;0;0;0;0;0;0;0;
161;vazao_defluente_maxima;inf;inf;inf;inf;inf;inf;inf;inf;inf;inf;inf;inf;inf;inf;inf;inf;inf;inf;inf;inf;inf;inf;inf;inf;inf;inf;inf;inf;inf;inf;inf;inf;inf;inf;inf;inf;inf;inf;inf;inf;inf;inf;inf;inf;inf;inf;inf;inf;inf;inf;inf;inf;inf;inf;inf;inf;inf;inf;inf;inf;
162;vazao_defluente_minima;0;0;0;0;0;0;0;0;0;0;0;0;0;0;0;0;0;0;0;0;0;0;0;0;0;0;0;0;0;0;0;0;0;0;0;0;0;0;0;0;0;0;0;0;0;0;0;0;0;0;0;0;0;0;0;0;0;0;0;0;
162;vazao_defluente_maxima;inf;inf;inf;inf;inf;inf;inf;inf;inf;inf;inf;inf;inf;inf;inf;inf;inf;inf;inf;inf;inf;inf;inf;inf;inf;inf;inf;inf;inf;inf;inf;inf;inf;inf;inf;inf;inf;inf;inf;inf;inf;inf;inf;inf;inf;inf;inf;inf;inf;inf;inf;inf;inf;inf;inf;inf;inf;inf;inf;inf;
