idIntercambio;AttMatriz;Iteradores;1;2;3
1;potencia_minima;01/2020;0;0;0
1;potencia_maxima;01/2020;9200;8800;9300
2;potencia_minima;01/2020;0;0;0
2;potencia_maxima;01/2020;8820;8820;9520
3;potencia_maxima;01/2020;10500;10500;11200
3;potencia_minima;01/2020;0;0;0
4;potencia_minima;01/2020;0;0;0
4;potencia_maxima;01/2020;6500;6500;6800
5;potencia_maxima;01/2020;99999;99999;99999
5;potencia_minima;01/2020;0;0;0
6;potencia_minima;01/2020;5079;4418;3474
6;potencia_maxima;01/2020;5079;4418;3474
7;potencia_minima;01/2020;0;0;0
7;potencia_maxima;01/2020;99999;99999;99999
8;potencia_minima;01/2020;0;0;0
8;potencia_maxima;01/2020;99999;99999;99999
9;potencia_minima;01/2020;0;0;0
9;potencia_maxima;01/2020;99999;99999;99999
10;potencia_maxima;01/2020;4500;4500;4500
10;potencia_minima;01/2020;0;0;0
11;potencia_maxima;01/2020;5500;5500;5500
11;potencia_minima;01/2020;0;0;0
12;potencia_minima;01/2020;0;0;0
12;potencia_maxima;01/2020;4000;4000;4000
13;potencia_maxima;01/2020;4000;4000;4000
13;potencia_minima;01/2020;0;0;0
14;potencia_maxima;01/2020;1300;1300;1300
14;potencia_minima;01/2020;0;0;0
15;potencia_maxima;01/2020;2000;2000;2000
15;potencia_minima;01/2020;0;0;0
16;potencia_maxima;01/2020;6000;6000;6000
16;potencia_minima;01/2020;0;0;0
17;potencia_minima;01/2020;0;0;0
17;potencia_maxima;01/2020;3270;3270;3270
1;potencia_minima;02/2020;0;0;0
1;potencia_maxima;02/2020;7600;7200;7700
2;potencia_minima;02/2020;0;0;0
2;potencia_maxima;02/2020;8820;8820;9520
3;potencia_maxima;02/2020;10500;10500;11200
3;potencia_minima;02/2020;0;0;0
4;potencia_minima;02/2020;0;0;0
4;potencia_maxima;02/2020;6500;6500;6800
5;potencia_maxima;02/2020;99999;99999;99999
5;potencia_minima;02/2020;0;0;0
6;potencia_minima;02/2020;4849;4237;3360
6;potencia_maxima;02/2020;7000;7000;7000
7;potencia_minima;02/2020;1680;1680;1680
7;potencia_maxima;02/2020;7000;7000;7000
8;potencia_minima;02/2020;0;0;0
8;potencia_maxima;02/2020;99999;99999;99999
9;potencia_minima;02/2020;0;0;0
9;potencia_maxima;02/2020;99999;99999;99999
10;potencia_maxima;02/2020;4500;4500;4500
10;potencia_minima;02/2020;0;0;0
11;potencia_maxima;02/2020;5500;5500;5500
11;potencia_minima;02/2020;0;0;0
12;potencia_minima;02/2020;0;0;0
12;potencia_maxima;02/2020;4000;4000;4000
13;potencia_maxima;02/2020;4000;4000;4000
13;potencia_minima;02/2020;0;0;0
14;potencia_maxima;02/2020;1300;1300;1300
14;potencia_minima;02/2020;0;0;0
15;potencia_maxima;02/2020;2000;2000;2000
15;potencia_minima;02/2020;0;0;0
16;potencia_maxima;02/2020;6000;6000;6000
16;potencia_minima;02/2020;0;0;0
17;potencia_minima;02/2020;0;0;0
17;potencia_maxima;02/2020;3270;3270;3270
1;potencia_minima;03/2020;0;0;0
1;potencia_maxima;03/2020;5400;7600;8600
2;potencia_minima;03/2020;0;0;0
2;potencia_maxima;03/2020;8820;8820;9520
3;potencia_maxima;03/2020;10500;10500;11200
3;potencia_minima;03/2020;0;0;0
4;potencia_minima;03/2020;0;0;0
4;potencia_maxima;03/2020;6500;6500;6800
5;potencia_maxima;03/2020;99999;99999;99999
5;potencia_minima;03/2020;0;0;0
6;potencia_minima;03/2020;4013;3965;3536
6;potencia_maxima;03/2020;7000;7000;7000
7;potencia_minima;03/2020;1680;1680;1680
7;potencia_maxima;03/2020;7000;7000;7000
8;potencia_minima;03/2020;0;0;0
8;potencia_maxima;03/2020;99999;99999;99999
9;potencia_minima;03/2020;0;0;0
9;potencia_maxima;03/2020;99999;99999;99999
10;potencia_maxima;03/2020;4500;4500;4500
10;potencia_minima;03/2020;0;0;0
11;potencia_maxima;03/2020;5500;5500;5500
11;potencia_minima;03/2020;0;0;0
12;potencia_minima;03/2020;0;0;0
12;potencia_maxima;03/2020;4000;4000;4000
13;potencia_maxima;03/2020;4000;4000;4000
13;potencia_minima;03/2020;0;0;0
14;potencia_maxima;03/2020;1300;1300;1300
14;potencia_minima;03/2020;0;0;0
15;potencia_maxima;03/2020;2000;2000;2000
15;potencia_minima;03/2020;0;0;0
16;potencia_maxima;03/2020;7000;7000;6000
16;potencia_minima;03/2020;0;0;0
17;potencia_minima;03/2020;0;0;0
17;potencia_maxima;03/2020;3270;3270;3270
1;potencia_minima;04/2020;0;0;0
1;potencia_maxima;04/2020;6400;6400;6000
2;potencia_minima;04/2020;0;0;0
2;potencia_maxima;04/2020;7120;7120;7120
3;potencia_maxima;04/2020;8800;8800;8800
3;potencia_minima;04/2020;0;0;0
4;potencia_minima;04/2020;0;0;0
4;potencia_maxima;04/2020;6200;6200;6100
5;potencia_maxima;04/2020;99999;99999;99999
5;potencia_minima;04/2020;0;0;0
6;potencia_minima;04/2020;3900;3854;3449
6;potencia_maxima;04/2020;7000;7000;7000
7;potencia_minima;04/2020;1680;1680;1680
7;potencia_maxima;04/2020;7000;7000;7000
8;potencia_minima;04/2020;0;0;0
8;potencia_maxima;04/2020;99999;99999;99999
9;potencia_minima;04/2020;0;0;0
9;potencia_maxima;04/2020;99999;99999;99999
10;potencia_maxima;04/2020;4500;4500;4500
10;potencia_minima;04/2020;0;0;0
11;potencia_maxima;04/2020;5500;5500;5500
11;potencia_minima;04/2020;0;0;0
12;potencia_minima;04/2020;0;0;0
12;potencia_maxima;04/2020;4000;4000;4000
13;potencia_maxima;04/2020;4000;4000;4000
13;potencia_minima;04/2020;0;0;0
14;potencia_maxima;04/2020;1400;1200;1200
14;potencia_minima;04/2020;0;0;0
15;potencia_maxima;04/2020;2000;2000;2000
15;potencia_minima;04/2020;0;0;0
16;potencia_maxima;04/2020;8000;8000;8000
16;potencia_minima;04/2020;0;0;0
17;potencia_minima;04/2020;0;0;0
17;potencia_maxima;04/2020;2500;2500;2500
1;potencia_minima;05/2020;0;0;0
1;potencia_maxima;05/2020;6300;6300;5500
2;potencia_minima;05/2020;0;0;0
2;potencia_maxima;05/2020;8520;9320;9320
3;potencia_maxima;05/2020;10200;11000;11000
3;potencia_minima;05/2020;0;0;0
4;potencia_minima;05/2020;0;0;0
4;potencia_maxima;05/2020;6500;6800;6800
5;potencia_maxima;05/2020;99999;99999;99999
5;potencia_minima;05/2020;0;0;0
6;potencia_minima;05/2020;3719;3678;3308
6;potencia_maxima;05/2020;7000;7000;7000
7;potencia_minima;05/2020;1680;1680;1680
7;potencia_maxima;05/2020;7000;7000;7000
8;potencia_minima;05/2020;0;0;0
8;potencia_maxima;05/2020;99999;99999;99999
9;potencia_minima;05/2020;0;0;0
9;potencia_maxima;05/2020;99999;99999;99999
10;potencia_maxima;05/2020;4500;4500;4500
10;potencia_minima;05/2020;0;0;0
11;potencia_maxima;05/2020;5500;5500;5500
11;potencia_minima;05/2020;0;0;0
12;potencia_minima;05/2020;0;0;0
12;potencia_maxima;05/2020;4000;4000;4000
13;potencia_maxima;05/2020;4000;4000;4000
13;potencia_minima;05/2020;0;0;0
14;potencia_maxima;05/2020;1400;1400;1200
14;potencia_minima;05/2020;0;0;0
15;potencia_maxima;05/2020;2000;2000;2000
15;potencia_minima;05/2020;0;0;0
16;potencia_maxima;05/2020;8000;8000;8000
16;potencia_minima;05/2020;0;0;0
17;potencia_minima;05/2020;0;0;0
17;potencia_maxima;05/2020;2500;2500;2500
1;potencia_minima;06/2020;0;0;0
1;potencia_maxima;06/2020;6300;6300;5500
2;potencia_minima;06/2020;0;0;0
2;potencia_maxima;06/2020;9320;9320;9320
3;potencia_maxima;06/2020;11000;11000;11000
3;potencia_minima;06/2020;0;0;0
4;potencia_minima;06/2020;0;0;0
4;potencia_maxima;06/2020;6800;6800;6800
5;potencia_maxima;06/2020;99999;99999;99999
5;potencia_minima;06/2020;0;0;0
6;potencia_minima;06/2020;3745;3703;3328
6;potencia_maxima;06/2020;7000;7000;7000
7;potencia_minima;06/2020;1680;1680;1680
7;potencia_maxima;06/2020;7000;7000;7000
8;potencia_minima;06/2020;0;0;0
8;potencia_maxima;06/2020;99999;99999;99999
9;potencia_minima;06/2020;0;0;0
9;potencia_maxima;06/2020;99999;99999;99999
10;potencia_maxima;06/2020;4500;4500;4500
10;potencia_minima;06/2020;0;0;0
11;potencia_maxima;06/2020;5500;5500;5500
11;potencia_minima;06/2020;0;0;0
12;potencia_minima;06/2020;0;0;0
12;potencia_maxima;06/2020;4000;4000;4000
13;potencia_maxima;06/2020;4000;4000;4000
13;potencia_minima;06/2020;0;0;0
14;potencia_maxima;06/2020;1000;1000;1000
14;potencia_minima;06/2020;0;0;0
15;potencia_maxima;06/2020;2000;2000;2000
15;potencia_minima;06/2020;0;0;0
16;potencia_maxima;06/2020;8000;8000;8000
16;potencia_minima;06/2020;0;0;0
17;potencia_minima;06/2020;0;0;0
17;potencia_maxima;06/2020;2500;2500;2500
1;potencia_minima;07/2020;0;0;0
1;potencia_maxima;07/2020;6300;6300;5500
2;potencia_minima;07/2020;0;0;0
2;potencia_maxima;07/2020;9320;9320;9320
3;potencia_maxima;07/2020;11000;11000;11000
3;potencia_minima;07/2020;0;0;0
4;potencia_minima;07/2020;0;0;0
4;potencia_maxima;07/2020;6800;6800;6800
5;potencia_maxima;07/2020;99999;99999;99999
5;potencia_minima;07/2020;0;0;0
6;potencia_minima;07/2020;3764;3722;3343
6;potencia_maxima;07/2020;7000;7000;7000
7;potencia_minima;07/2020;1680;1680;1680
7;potencia_maxima;07/2020;7000;7000;7000
8;potencia_minima;07/2020;0;0;0
8;potencia_maxima;07/2020;99999;99999;99999
9;potencia_minima;07/2020;0;0;0
9;potencia_maxima;07/2020;99999;99999;99999
10;potencia_maxima;07/2020;4500;4500;4500
10;potencia_minima;07/2020;0;0;0
11;potencia_maxima;07/2020;5500;5500;5500
11;potencia_minima;07/2020;0;0;0
12;potencia_minima;07/2020;0;0;0
12;potencia_maxima;07/2020;4000;4000;4000
13;potencia_maxima;07/2020;4000;4000;4000
13;potencia_minima;07/2020;0;0;0
14;potencia_maxima;07/2020;1000;1000;1000
14;potencia_minima;07/2020;0;0;0
15;potencia_maxima;07/2020;2000;2000;2000
15;potencia_minima;07/2020;0;0;0
16;potencia_maxima;07/2020;8000;8000;8000
16;potencia_minima;07/2020;0;0;0
17;potencia_minima;07/2020;0;0;0
17;potencia_maxima;07/2020;2500;2500;2500
1;potencia_minima;08/2020;0;0;0
1;potencia_maxima;08/2020;9300;9300;8200
2;potencia_minima;08/2020;0;0;0
2;potencia_maxima;08/2020;8520;9320;9320
3;potencia_maxima;08/2020;10200;11000;11000
3;potencia_minima;08/2020;0;0;0
4;potencia_minima;08/2020;0;0;0
4;potencia_maxima;08/2020;6500;6800;6800
5;potencia_maxima;08/2020;99999;99999;99999
5;potencia_minima;08/2020;0;0;0
6;potencia_minima;08/2020;3753;3711;3334
6;potencia_maxima;08/2020;7000;7000;7000
7;potencia_minima;08/2020;1680;1680;1680
7;potencia_maxima;08/2020;7000;7000;7000
8;potencia_minima;08/2020;0;0;0
8;potencia_maxima;08/2020;99999;99999;99999
9;potencia_minima;08/2020;0;0;0
9;potencia_maxima;08/2020;99999;99999;99999
10;potencia_maxima;08/2020;4500;4500;4500
10;potencia_minima;08/2020;0;0;0
11;potencia_maxima;08/2020;5500;5500;5500
11;potencia_minima;08/2020;0;0;0
12;potencia_minima;08/2020;0;0;0
12;potencia_maxima;08/2020;4000;4000;4000
13;potencia_maxima;08/2020;4000;4000;4000
13;potencia_minima;08/2020;0;0;0
14;potencia_maxima;08/2020;1300;1300;1300
14;potencia_minima;08/2020;0;0;0
15;potencia_maxima;08/2020;2000;2000;2000
15;potencia_minima;08/2020;0;0;0
16;potencia_maxima;08/2020;6000;6000;5000
16;potencia_minima;08/2020;0;0;0
17;potencia_minima;08/2020;0;0;0
17;potencia_maxima;08/2020;2500;2500;2500
1;potencia_minima;09/2020;0;0;0
1;potencia_maxima;09/2020;10000;10000;8500
2;potencia_minima;09/2020;0;0;0
2;potencia_maxima;09/2020;8520;9320;9320
3;potencia_maxima;09/2020;10200;11000;11000
3;potencia_minima;09/2020;0;0;0
4;potencia_minima;09/2020;0;0;0
4;potencia_maxima;09/2020;6500;6800;6800
5;potencia_maxima;09/2020;99999;99999;99999
5;potencia_minima;09/2020;0;0;0
6;potencia_minima;09/2020;3814;3768;3383
6;potencia_maxima;09/2020;7000;7000;7000
7;potencia_minima;09/2020;1680;1680;1680
7;potencia_maxima;09/2020;7000;7000;7000
8;potencia_minima;09/2020;0;0;0
8;potencia_maxima;09/2020;99999;99999;99999
9;potencia_minima;09/2020;0;0;0
9;potencia_maxima;09/2020;99999;99999;99999
10;potencia_maxima;09/2020;4500;4500;4500
10;potencia_minima;09/2020;0;0;0
11;potencia_maxima;09/2020;5500;5500;5500
11;potencia_minima;09/2020;0;0;0
12;potencia_minima;09/2020;0;0;0
12;potencia_maxima;09/2020;4000;4000;4000
13;potencia_maxima;09/2020;4000;4000;4000
13;potencia_minima;09/2020;0;0;0
14;potencia_maxima;09/2020;1300;1300;1300
14;potencia_minima;09/2020;0;0;0
15;potencia_maxima;09/2020;2000;2000;2000
15;potencia_minima;09/2020;0;0;0
16;potencia_maxima;09/2020;6000;6000;5000
16;potencia_minima;09/2020;0;0;0
17;potencia_minima;09/2020;0;0;0
17;potencia_maxima;09/2020;2500;2500;2500
1;potencia_minima;10/2020;0;0;0
1;potencia_maxima;10/2020;11100;11100;10500
2;potencia_minima;10/2020;0;0;0
2;potencia_maxima;10/2020;8520;9320;9320
3;potencia_maxima;10/2020;10200;11000;11000
3;potencia_minima;10/2020;0;0;0
4;potencia_minima;10/2020;0;0;0
4;potencia_maxima;10/2020;6500;6800;6800
5;potencia_maxima;10/2020;99999;99999;99999
5;potencia_minima;10/2020;0;0;0
6;potencia_minima;10/2020;4001;3950;3527
6;potencia_maxima;10/2020;7000;7000;7000
7;potencia_minima;10/2020;1680;1680;1680
7;potencia_maxima;10/2020;7000;7000;7000
8;potencia_minima;10/2020;0;0;0
8;potencia_maxima;10/2020;99999;99999;99999
9;potencia_minima;10/2020;0;0;0
9;potencia_maxima;10/2020;99999;99999;99999
10;potencia_maxima;10/2020;4500;4500;4500
10;potencia_minima;10/2020;0;0;0
11;potencia_maxima;10/2020;5500;5500;5500
11;potencia_minima;10/2020;0;0;0
12;potencia_minima;10/2020;0;0;0
12;potencia_maxima;10/2020;4000;4000;4000
13;potencia_maxima;10/2020;4000;4000;4000
13;potencia_minima;10/2020;0;0;0
14;potencia_maxima;10/2020;2000;2000;2000
14;potencia_minima;10/2020;0;0;0
15;potencia_maxima;10/2020;2500;2500;2500
15;potencia_minima;10/2020;0;0;0
16;potencia_maxima;10/2020;6000;6000;6000
16;potencia_minima;10/2020;0;0;0
17;potencia_minima;10/2020;0;0;0
17;potencia_maxima;10/2020;2500;2500;2500
1;potencia_minima;11/2020;0;0;0
1;potencia_maxima;11/2020;11100;11100;10500
2;potencia_minima;11/2020;0;0;0
2;potencia_maxima;11/2020;8520;8520;9320
3;potencia_maxima;11/2020;10200;10200;11000
3;potencia_minima;11/2020;0;0;0
4;potencia_minima;11/2020;0;0;0
4;potencia_maxima;11/2020;6500;6500;6800
5;potencia_maxima;11/2020;99999;99999;99999
5;potencia_minima;11/2020;0;0;0
6;potencia_minima;11/2020;4182;4127;3667
6;potencia_maxima;11/2020;7000;7000;7000
7;potencia_minima;11/2020;1680;1680;1680
7;potencia_maxima;11/2020;7000;7000;7000
8;potencia_minima;11/2020;0;0;0
8;potencia_maxima;11/2020;99999;99999;99999
9;potencia_minima;11/2020;0;0;0
9;potencia_maxima;11/2020;99999;99999;99999
10;potencia_maxima;11/2020;4500;4500;4500
10;potencia_minima;11/2020;0;0;0
11;potencia_maxima;11/2020;5500;5500;5500
11;potencia_minima;11/2020;0;0;0
12;potencia_minima;11/2020;0;0;0
12;potencia_maxima;11/2020;4000;4000;4000
13;potencia_maxima;11/2020;4000;4000;4000
13;potencia_minima;11/2020;0;0;0
14;potencia_maxima;11/2020;2000;2000;2000
14;potencia_minima;11/2020;0;0;0
15;potencia_maxima;11/2020;2500;2500;2500
15;potencia_minima;11/2020;0;0;0
16;potencia_maxima;11/2020;6000;6000;6000
16;potencia_minima;11/2020;0;0;0
17;potencia_minima;11/2020;0;0;0
17;potencia_maxima;11/2020;2500;2500;2500
1;potencia_minima;12/2020;0;0;0
1;potencia_maxima;12/2020;10900;10900;10900
2;potencia_minima;12/2020;0;0;0
2;potencia_maxima;12/2020;8520;8520;9320
3;potencia_maxima;12/2020;10200;10200;11000
3;potencia_minima;12/2020;0;0;0
4;potencia_minima;12/2020;0;0;0
4;potencia_maxima;12/2020;6500;6500;6800
5;potencia_maxima;12/2020;99999;99999;99999
5;potencia_minima;12/2020;0;0;0
6;potencia_minima;12/2020;4239;4183;3712
6;potencia_maxima;12/2020;7000;7000;7000
7;potencia_minima;12/2020;1680;1680;1680
7;potencia_maxima;12/2020;7000;7000;7000
8;potencia_minima;12/2020;0;0;0
8;potencia_maxima;12/2020;99999;99999;99999
9;potencia_minima;12/2020;0;0;0
9;potencia_maxima;12/2020;99999;99999;99999
10;potencia_maxima;12/2020;4500;4500;4500
10;potencia_minima;12/2020;0;0;0
11;potencia_maxima;12/2020;5500;5500;5500
11;potencia_minima;12/2020;0;0;0
12;potencia_minima;12/2020;0;0;0
12;potencia_maxima;12/2020;4000;4000;4000
13;potencia_maxima;12/2020;4000;4000;4000
13;potencia_minima;12/2020;0;0;0
14;potencia_maxima;12/2020;2000;2000;2000
14;potencia_minima;12/2020;0;0;0
15;potencia_maxima;12/2020;2500;2500;2500
15;potencia_minima;12/2020;0;0;0
16;potencia_maxima;12/2020;6000;6000;6000
16;potencia_minima;12/2020;0;0;0
17;potencia_minima;12/2020;0;0;0
17;potencia_maxima;12/2020;2500;2500;2500
1;potencia_minima;01/2021;0;0;0
1;potencia_maxima;01/2021;7100;8600;8600
2;potencia_minima;01/2021;0;0;0
2;potencia_maxima;01/2021;8520;8520;9320
3;potencia_maxima;01/2021;10200;10200;11000
3;potencia_minima;01/2021;0;0;0
4;potencia_minima;01/2021;0;0;0
4;potencia_maxima;01/2021;6500;6500;6800
5;potencia_maxima;01/2021;99999;99999;99999
5;potencia_minima;01/2021;0;0;0
6;potencia_minima;01/2021;4505;4443;3918
6;potencia_maxima;01/2021;7000;7000;7000
7;potencia_minima;01/2021;1680;1680;1680
7;potencia_maxima;01/2021;7000;7000;7000
8;potencia_minima;01/2021;0;0;0
8;potencia_maxima;01/2021;99999;99999;99999
9;potencia_minima;01/2021;0;0;0
9;potencia_maxima;01/2021;99999;99999;99999
10;potencia_maxima;01/2021;4500;4500;4500
10;potencia_minima;01/2021;0;0;0
11;potencia_maxima;01/2021;5500;5500;5500
11;potencia_minima;01/2021;0;0;0
12;potencia_minima;01/2021;0;0;0
12;potencia_maxima;01/2021;4000;4000;4000
13;potencia_maxima;01/2021;4000;4000;4000
13;potencia_minima;01/2021;0;0;0
14;potencia_maxima;01/2021;2000;2000;2000
14;potencia_minima;01/2021;0;0;0
15;potencia_maxima;01/2021;2500;2500;2500
15;potencia_minima;01/2021;0;0;0
16;potencia_maxima;01/2021;6000;6000;6000
16;potencia_minima;01/2021;0;0;0
17;potencia_minima;01/2021;0;0;0
17;potencia_maxima;01/2021;2500;2500;2500
1;potencia_minima;02/2021;0;0;0
1;potencia_maxima;02/2021;5200;6400;6400
2;potencia_minima;02/2021;0;0;0
2;potencia_maxima;02/2021;8820;8820;9520
3;potencia_maxima;02/2021;10500;10500;11200
3;potencia_minima;02/2021;0;0;0
4;potencia_minima;02/2021;0;0;0
4;potencia_maxima;02/2021;6500;6500;6800
5;potencia_maxima;02/2021;99999;99999;99999
5;potencia_minima;02/2021;0;0;0
6;potencia_minima;02/2021;4636;4570;4018
6;potencia_maxima;02/2021;7000;7000;7000
7;potencia_minima;02/2021;1680;1680;1680
7;potencia_maxima;02/2021;7000;7000;7000
8;potencia_minima;02/2021;0;0;0
8;potencia_maxima;02/2021;99999;99999;99999
9;potencia_minima;02/2021;0;0;0
9;potencia_maxima;02/2021;99999;99999;99999
10;potencia_maxima;02/2021;4500;4500;4500
10;potencia_minima;02/2021;0;0;0
11;potencia_maxima;02/2021;5500;5500;5500
11;potencia_minima;02/2021;0;0;0
12;potencia_minima;02/2021;0;0;0
12;potencia_maxima;02/2021;4000;4000;4000
13;potencia_maxima;02/2021;4000;4000;4000
13;potencia_minima;02/2021;0;0;0
14;potencia_maxima;02/2021;2000;2000;2000
14;potencia_minima;02/2021;0;0;0
15;potencia_maxima;02/2021;2300;2300;2150
15;potencia_minima;02/2021;0;0;0
16;potencia_maxima;02/2021;8000;8000;8000
16;potencia_minima;02/2021;0;0;0
17;potencia_minima;02/2021;0;0;0
17;potencia_maxima;02/2021;2500;2500;2500
1;potencia_minima;03/2021;0;0;0
1;potencia_maxima;03/2021;6400;6400;6400
2;potencia_minima;03/2021;0;0;0
2;potencia_maxima;03/2021;8420;8420;8420
3;potencia_maxima;03/2021;10100;10100;10100
3;potencia_minima;03/2021;0;0;0
4;potencia_minima;03/2021;0;0;0
4;potencia_maxima;03/2021;6500;6500;6800
5;potencia_maxima;03/2021;99999;99999;99999
5;potencia_minima;03/2021;0;0;0
6;potencia_minima;03/2021;4069;4018;3580
6;potencia_maxima;03/2021;7000;7000;7000
7;potencia_minima;03/2021;1680;1680;1680
7;potencia_maxima;03/2021;7000;7000;7000
8;potencia_minima;03/2021;0;0;0
8;potencia_maxima;03/2021;99999;99999;99999
9;potencia_minima;03/2021;0;0;0
9;potencia_maxima;03/2021;99999;99999;99999
10;potencia_maxima;03/2021;4500;4500;4500
10;potencia_minima;03/2021;0;0;0
11;potencia_maxima;03/2021;5500;5500;5500
11;potencia_minima;03/2021;0;0;0
12;potencia_minima;03/2021;0;0;0
12;potencia_maxima;03/2021;4000;4000;4000
13;potencia_maxima;03/2021;4000;4000;4000
13;potencia_minima;03/2021;0;0;0
14;potencia_maxima;03/2021;2000;2000;2000
14;potencia_minima;03/2021;0;0;0
15;potencia_maxima;03/2021;2300;2300;2150
15;potencia_minima;03/2021;0;0;0
16;potencia_maxima;03/2021;8000;8000;8000
16;potencia_minima;03/2021;0;0;0
17;potencia_minima;03/2021;0;0;0
17;potencia_maxima;03/2021;2500;2500;2500
1;potencia_minima;04/2021;0;0;0
1;potencia_maxima;04/2021;6400;6400;4500
2;potencia_minima;04/2021;0;0;0
2;potencia_maxima;04/2021;8820;8820;9320
3;potencia_maxima;04/2021;10500;10500;11000
3;potencia_minima;04/2021;0;0;0
4;potencia_minima;04/2021;0;0;0
4;potencia_maxima;04/2021;6500;6500;6800
5;potencia_maxima;04/2021;99999;99999;99999
5;potencia_minima;04/2021;0;0;0
6;potencia_minima;04/2021;3843;3797;3405
6;potencia_maxima;04/2021;7000;7000;7000
7;potencia_minima;04/2021;1680;1680;1680
7;potencia_maxima;04/2021;7000;7000;7000
8;potencia_minima;04/2021;0;0;0
8;potencia_maxima;04/2021;99999;99999;99999
9;potencia_minima;04/2021;0;0;0
9;potencia_maxima;04/2021;99999;99999;99999
10;potencia_maxima;04/2021;4500;4500;4500
10;potencia_minima;04/2021;0;0;0
11;potencia_maxima;04/2021;5500;5500;5500
11;potencia_minima;04/2021;0;0;0
12;potencia_minima;04/2021;0;0;0
12;potencia_maxima;04/2021;4000;4000;4000
13;potencia_maxima;04/2021;4000;4000;4000
13;potencia_minima;04/2021;0;0;0
14;potencia_maxima;04/2021;2000;2000;2000
14;potencia_minima;04/2021;0;0;0
15;potencia_maxima;04/2021;2300;2300;2000
15;potencia_minima;04/2021;0;0;0
16;potencia_maxima;04/2021;8000;8000;8000
16;potencia_minima;04/2021;0;0;0
17;potencia_minima;04/2021;0;0;0
17;potencia_maxima;04/2021;2500;2500;2500
1;potencia_minima;05/2021;0;0;0
1;potencia_maxima;05/2021;7400;8100;8700
2;potencia_minima;05/2021;0;0;0
2;potencia_maxima;05/2021;8820;8820;9320
3;potencia_maxima;05/2021;10500;10500;11000
3;potencia_minima;05/2021;0;0;0
4;potencia_minima;05/2021;0;0;0
4;potencia_maxima;05/2021;6500;6800;6800
5;potencia_maxima;05/2021;99999;99999;99999
5;potencia_minima;05/2021;0;0;0
6;potencia_minima;05/2021;3707;3665;3300
6;potencia_maxima;05/2021;7000;7000;7000
7;potencia_minima;05/2021;1680;1680;1680
7;potencia_maxima;05/2021;7000;7000;7000
8;potencia_minima;05/2021;0;0;0
8;potencia_maxima;05/2021;99999;99999;99999
9;potencia_minima;05/2021;0;0;0
9;potencia_maxima;05/2021;99999;99999;99999
10;potencia_maxima;05/2021;4500;4500;4500
10;potencia_minima;05/2021;0;0;0
11;potencia_maxima;05/2021;5500;5500;5500
11;potencia_minima;05/2021;0;0;0
12;potencia_minima;05/2021;0;0;0
12;potencia_maxima;05/2021;4000;4000;4000
13;potencia_maxima;05/2021;4000;4000;4000
13;potencia_minima;05/2021;0;0;0
14;potencia_maxima;05/2021;2000;2000;2000
14;potencia_minima;05/2021;0;0;0
15;potencia_maxima;05/2021;2300;2150;2000
15;potencia_minima;05/2021;0;0;0
16;potencia_maxima;05/2021;8000;8000;8000
16;potencia_minima;05/2021;0;0;0
17;potencia_minima;05/2021;0;0;0
17;potencia_maxima;05/2021;2500;2500;2500
1;potencia_minima;06/2021;0;0;0
1;potencia_maxima;06/2021;9000;9900;10600
2;potencia_minima;06/2021;0;0;0
2;potencia_maxima;06/2021;8420;8420;8920
3;potencia_maxima;06/2021;10100;10100;10600
3;potencia_minima;06/2021;0;0;0
4;potencia_minima;06/2021;0;0;0
4;potencia_maxima;06/2021;6500;6800;6800
5;potencia_maxima;06/2021;99999;99999;99999
5;potencia_minima;06/2021;0;0;0
6;potencia_minima;06/2021;3832;3787;3396
6;potencia_maxima;06/2021;7000;7000;7000
7;potencia_minima;06/2021;1680;1680;1680
7;potencia_maxima;06/2021;7000;7000;7000
8;potencia_minima;06/2021;0;0;0
8;potencia_maxima;06/2021;99999;99999;99999
9;potencia_minima;06/2021;0;0;0
9;potencia_maxima;06/2021;99999;99999;99999
10;potencia_maxima;06/2021;4500;4500;4500
10;potencia_minima;06/2021;0;0;0
11;potencia_maxima;06/2021;5500;5500;5500
11;potencia_minima;06/2021;0;0;0
12;potencia_minima;06/2021;0;0;0
12;potencia_maxima;06/2021;4000;4000;4000
13;potencia_maxima;06/2021;4000;4000;4000
13;potencia_minima;06/2021;0;0;0
14;potencia_maxima;06/2021;3300;3300;3300
14;potencia_minima;06/2021;0;0;0
15;potencia_maxima;06/2021;3500;3500;3500
15;potencia_minima;06/2021;0;0;0
16;potencia_maxima;06/2021;6500;6000;6000
16;potencia_minima;06/2021;0;0;0
17;potencia_minima;06/2021;0;0;0
17;potencia_maxima;06/2021;2500;2500;2500
1;potencia_minima;07/2021;0;0;0
1;potencia_maxima;07/2021;11100;11500;12000
2;potencia_minima;07/2021;0;0;0
2;potencia_maxima;07/2021;8420;8420;8920
3;potencia_maxima;07/2021;10100;10100;10600
3;potencia_minima;07/2021;0;0;0
4;potencia_minima;07/2021;0;0;0
4;potencia_maxima;07/2021;6500;6800;6800
5;potencia_maxima;07/2021;99999;99999;99999
5;potencia_minima;07/2021;0;0;0
6;potencia_minima;07/2021;3832;3787;3396
6;potencia_maxima;07/2021;7000;7000;7000
7;potencia_minima;07/2021;1680;1680;1680
7;potencia_maxima;07/2021;7000;7000;7000
8;potencia_minima;07/2021;0;0;0
8;potencia_maxima;07/2021;99999;99999;99999
9;potencia_minima;07/2021;0;0;0
9;potencia_maxima;07/2021;99999;99999;99999
10;potencia_maxima;07/2021;4500;4500;4500
10;potencia_minima;07/2021;0;0;0
11;potencia_maxima;07/2021;5500;5500;5500
11;potencia_minima;07/2021;0;0;0
12;potencia_minima;07/2021;0;0;0
12;potencia_maxima;07/2021;4000;4000;4000
13;potencia_maxima;07/2021;4000;4000;4000
13;potencia_minima;07/2021;0;0;0
14;potencia_maxima;07/2021;3300;3300;3300
14;potencia_minima;07/2021;0;0;0
15;potencia_maxima;07/2021;3500;3500;3500
15;potencia_minima;07/2021;0;0;0
16;potencia_maxima;07/2021;6000;5000;5000
16;potencia_minima;07/2021;0;0;0
17;potencia_minima;07/2021;0;0;0
17;potencia_maxima;07/2021;2500;2500;2500
1;potencia_minima;08/2021;0;0;0
1;potencia_maxima;08/2021;11100;11500;12000
2;potencia_minima;08/2021;0;0;0
2;potencia_maxima;08/2021;8100;8100;8500
3;potencia_maxima;08/2021;10100;10100;10500
3;potencia_minima;08/2021;0;0;0
4;potencia_minima;08/2021;0;0;0
4;potencia_maxima;08/2021;6500;6800;6800
5;potencia_maxima;08/2021;99999;99999;99999
5;potencia_minima;08/2021;0;0;0
6;potencia_minima;08/2021;2654;2609;2114
6;potencia_maxima;08/2021;7000;7000;7000
7;potencia_minima;08/2021;2000;2000;2000
7;potencia_maxima;08/2021;7000;7000;7000
8;potencia_minima;08/2021;0;0;0
8;potencia_maxima;08/2021;99999;99999;99999
9;potencia_minima;08/2021;0;0;0
9;potencia_maxima;08/2021;99999;99999;99999
10;potencia_maxima;08/2021;4500;4500;4500
10;potencia_minima;08/2021;0;0;0
11;potencia_maxima;08/2021;5500;5500;5500
11;potencia_minima;08/2021;0;0;0
12;potencia_minima;08/2021;0;0;0
12;potencia_maxima;08/2021;4000;4000;4000
13;potencia_maxima;08/2021;4000;4000;4000
13;potencia_minima;08/2021;0;0;0
14;potencia_maxima;08/2021;3300;3300;3300
14;potencia_minima;08/2021;0;0;0
15;potencia_maxima;08/2021;3500;3500;3500
15;potencia_minima;08/2021;0;0;0
16;potencia_maxima;08/2021;5000;5000;5000
16;potencia_minima;08/2021;0;0;0
17;potencia_minima;08/2021;0;0;0
17;potencia_maxima;08/2021;2500;2500;2500
1;potencia_minima;09/2021;0;0;0
1;potencia_maxima;09/2021;11100;11100;12000
2;potencia_minima;09/2021;0;0;0
2;potencia_maxima;09/2021;8100;8100;8500
3;potencia_maxima;09/2021;10100;10100;10500
3;potencia_minima;09/2021;0;0;0
4;potencia_minima;09/2021;0;0;0
4;potencia_maxima;09/2021;6500;6800;6800
5;potencia_maxima;09/2021;99999;99999;99999
5;potencia_minima;09/2021;0;0;0
6;potencia_minima;09/2021;2500;2500;2503
6;potencia_maxima;09/2021;7000;7000;7000
7;potencia_minima;09/2021;2000;2000;2000
7;potencia_maxima;09/2021;7000;7000;7000
8;potencia_minima;09/2021;0;0;0
8;potencia_maxima;09/2021;99999;99999;99999
9;potencia_minima;09/2021;0;0;0
9;potencia_maxima;09/2021;99999;99999;99999
10;potencia_maxima;09/2021;4500;4500;4500
10;potencia_minima;09/2021;0;0;0
11;potencia_maxima;09/2021;5500;5500;5500
11;potencia_minima;09/2021;0;0;0
12;potencia_minima;09/2021;0;0;0
12;potencia_maxima;09/2021;4000;4000;4000
13;potencia_maxima;09/2021;4000;4000;4000
13;potencia_minima;09/2021;0;0;0
14;potencia_maxima;09/2021;3300;3300;3300
14;potencia_minima;09/2021;0;0;0
15;potencia_maxima;09/2021;4500;4500;4500
15;potencia_minima;09/2021;0;0;0
16;potencia_maxima;09/2021;5000;5000;5000
16;potencia_minima;09/2021;0;0;0
17;potencia_minima;09/2021;0;0;0
17;potencia_maxima;09/2021;2500;2500;2500
1;potencia_minima;10/2021;0;0;0
1;potencia_maxima;10/2021;10000;11100;11500
2;potencia_minima;10/2021;0;0;0
2;potencia_maxima;10/2021;8600;8100;8100
3;potencia_maxima;10/2021;10600;10100;10100
3;potencia_minima;10/2021;0;0;0
4;potencia_minima;10/2021;0;0;0
4;potencia_maxima;10/2021;6500;6500;6800
5;potencia_maxima;10/2021;99999;99999;99999
5;potencia_minima;10/2021;0;0;0
6;potencia_minima;10/2021;2581;2530;2500
6;potencia_maxima;10/2021;7000;7000;7000
7;potencia_minima;10/2021;2000;2000;2000
7;potencia_maxima;10/2021;7000;7000;7000
8;potencia_minima;10/2021;0;0;0
8;potencia_maxima;10/2021;99999;99999;99999
9;potencia_minima;10/2021;0;0;0
9;potencia_maxima;10/2021;99999;99999;99999
10;potencia_maxima;10/2021;4500;4500;4500
10;potencia_minima;10/2021;0;0;0
11;potencia_maxima;10/2021;5500;5500;5500
11;potencia_minima;10/2021;0;0;0
12;potencia_minima;10/2021;0;0;0
12;potencia_maxima;10/2021;4000;4000;4000
13;potencia_maxima;10/2021;4000;4000;4000
13;potencia_minima;10/2021;0;0;0
14;potencia_maxima;10/2021;3300;3300;3300
14;potencia_minima;10/2021;0;0;0
15;potencia_maxima;10/2021;4500;4500;4500
15;potencia_minima;10/2021;0;0;0
16;potencia_maxima;10/2021;5000;5000;5000
16;potencia_minima;10/2021;0;0;0
17;potencia_minima;10/2021;0;0;0
17;potencia_maxima;10/2021;2500;2500;2500
1;potencia_minima;11/2021;0;0;0
1;potencia_maxima;11/2021;10000;11100;11500
2;potencia_minima;11/2021;0;0;0
2;potencia_maxima;11/2021;9000;8500;8500
3;potencia_maxima;11/2021;11000;10500;10500
3;potencia_minima;11/2021;0;0;0
4;potencia_minima;11/2021;0;0;0
4;potencia_maxima;11/2021;6500;6500;6800
5;potencia_maxima;11/2021;99999;99999;99999
5;potencia_minima;11/2021;0;0;0
6;potencia_minima;11/2021;2937;2585;2500
6;potencia_maxima;11/2021;7000;7000;7000
7;potencia_minima;11/2021;2000;2000;2000
7;potencia_maxima;11/2021;7000;7000;7000
8;potencia_minima;11/2021;0;0;0
8;potencia_maxima;11/2021;99999;99999;99999
9;potencia_minima;11/2021;0;0;0
9;potencia_maxima;11/2021;99999;99999;99999
10;potencia_maxima;11/2021;5000;5000;5000
10;potencia_minima;11/2021;0;0;0
11;potencia_maxima;11/2021;5500;5500;5500
11;potencia_minima;11/2021;0;0;0
12;potencia_minima;11/2021;0;0;0
12;potencia_maxima;11/2021;4000;4000;4000
13;potencia_maxima;11/2021;4000;4000;4000
13;potencia_minima;11/2021;0;0;0
14;potencia_maxima;11/2021;3300;3300;3300
14;potencia_minima;11/2021;0;0;0
15;potencia_maxima;11/2021;4800;4800;4800
15;potencia_minima;11/2021;0;0;0
16;potencia_maxima;11/2021;8000;8000;8000
16;potencia_minima;11/2021;0;0;0
17;potencia_minima;11/2021;0;0;0
17;potencia_maxima;11/2021;2500;2500;2500
1;potencia_minima;12/2021;0;0;0
1;potencia_maxima;12/2021;9000;9000;9900
2;potencia_minima;12/2021;0;0;0
2;potencia_maxima;12/2021;6500;6500;6500
3;potencia_maxima;12/2021;10500;10500;10500
3;potencia_minima;12/2021;0;0;0
4;potencia_minima;12/2021;0;0;0
4;potencia_maxima;12/2021;6500;6500;6800
5;potencia_maxima;12/2021;99999;99999;99999
5;potencia_minima;12/2021;0;0;0
6;potencia_minima;12/2021;2937;2585;2500
6;potencia_maxima;12/2021;7000;7000;7000
7;potencia_minima;12/2021;2000;2000;2000
7;potencia_maxima;12/2021;7000;7000;7000
8;potencia_minima;12/2021;0;0;0
8;potencia_maxima;12/2021;99999;99999;99999
9;potencia_minima;12/2021;0;0;0
9;potencia_maxima;12/2021;99999;99999;99999
10;potencia_maxima;12/2021;4500;4500;4500
10;potencia_minima;12/2021;0;0;0
11;potencia_maxima;12/2021;5500;5500;5500
11;potencia_minima;12/2021;0;0;0
12;potencia_minima;12/2021;0;0;0
12;potencia_maxima;12/2021;4000;4000;4000
13;potencia_maxima;12/2021;4000;4000;4000
13;potencia_minima;12/2021;0;0;0
14;potencia_maxima;12/2021;3300;3300;3300
14;potencia_minima;12/2021;0;0;0
15;potencia_maxima;12/2021;4500;4500;4500
15;potencia_minima;12/2021;0;0;0
16;potencia_maxima;12/2021;5000;5000;5000
16;potencia_minima;12/2021;0;0;0
17;potencia_minima;12/2021;0;0;0
17;potencia_maxima;12/2021;2500;2500;2500
1;potencia_minima;01/2022;0;0;0
1;potencia_maxima;01/2022;6000;7400;8100
2;potencia_minima;01/2022;0;0;0
2;potencia_maxima;01/2022;6500;6500;6500
3;potencia_maxima;01/2022;10500;10500;10500
3;potencia_minima;01/2022;0;0;0
4;potencia_minima;01/2022;0;0;0
4;potencia_maxima;01/2022;6500;6500;6800
5;potencia_maxima;01/2022;99999;99999;99999
5;potencia_minima;01/2022;0;0;0
6;potencia_minima;01/2022;2592;2541;2500
6;potencia_maxima;01/2022;7000;7000;7000
7;potencia_minima;01/2022;2000;2000;2000
7;potencia_maxima;01/2022;7000;7000;7000
8;potencia_minima;01/2022;0;0;0
8;potencia_maxima;01/2022;99999;99999;99999
9;potencia_minima;01/2022;0;0;0
9;potencia_maxima;01/2022;99999;99999;99999
10;potencia_maxima;01/2022;5000;5000;5000
10;potencia_minima;01/2022;0;0;0
11;potencia_maxima;01/2022;5500;5500;5500
11;potencia_minima;01/2022;0;0;0
12;potencia_minima;01/2022;0;0;0
12;potencia_maxima;01/2022;4000;4000;4000
13;potencia_maxima;01/2022;4000;4000;4000
13;potencia_minima;01/2022;0;0;0
14;potencia_maxima;01/2022;3300;3300;3300
14;potencia_minima;01/2022;0;0;0
15;potencia_maxima;01/2022;3800;3800;3200
15;potencia_minima;01/2022;0;0;0
16;potencia_maxima;01/2022;8000;8000;8000
16;potencia_minima;01/2022;0;0;0
17;potencia_minima;01/2022;0;0;0
17;potencia_maxima;01/2022;2500;2500;2500
1;potencia_minima;02/2022;0;0;0
1;potencia_maxima;02/2022;6000;7400;8100
2;potencia_minima;02/2022;0;0;0
2;potencia_maxima;02/2022;6500;6500;6500
3;potencia_maxima;02/2022;10500;10500;10500
3;potencia_minima;02/2022;0;0;0
4;potencia_minima;02/2022;0;0;0
4;potencia_maxima;02/2022;6500;6500;8200
5;potencia_maxima;02/2022;99999;99999;99999
5;potencia_minima;02/2022;0;0;0
6;potencia_minima;02/2022;3079;3016;2500
6;potencia_maxima;02/2022;7000;7000;7000
7;potencia_minima;02/2022;2000;2000;2000
7;potencia_maxima;02/2022;7000;7000;7000
8;potencia_minima;02/2022;0;0;0
8;potencia_maxima;02/2022;99999;99999;99999
9;potencia_minima;02/2022;0;0;0
9;potencia_maxima;02/2022;99999;99999;99999
10;potencia_maxima;02/2022;5000;5000;5000
10;potencia_minima;02/2022;0;0;0
11;potencia_maxima;02/2022;5500;5500;5500
11;potencia_minima;02/2022;0;0;0
12;potencia_minima;02/2022;0;0;0
12;potencia_maxima;02/2022;4000;4000;4000
13;potencia_maxima;02/2022;99999;99999;99999
13;potencia_minima;02/2022;0;0;0
14;potencia_maxima;02/2022;3300;3300;3300
14;potencia_minima;02/2022;0;0;0
15;potencia_maxima;02/2022;3800;3800;3200
15;potencia_minima;02/2022;0;0;0
16;potencia_maxima;02/2022;8000;8000;8000
16;potencia_minima;02/2022;0;0;0
17;potencia_minima;02/2022;0;0;0
17;potencia_maxima;02/2022;2500;2500;2500
1;potencia_minima;03/2022;0;0;0
1;potencia_maxima;03/2022;7000;8000;8900
2;potencia_minima;03/2022;0;0;0
2;potencia_maxima;03/2022;6500;6500;6500
3;potencia_maxima;03/2022;10500;10500;10500
3;potencia_minima;03/2022;0;0;0
4;potencia_minima;03/2022;0;0;0
4;potencia_maxima;03/2022;6500;6500;6800
5;potencia_maxima;03/2022;99999;99999;99999
5;potencia_minima;03/2022;0;0;0
6;potencia_minima;03/2022;3000;3000;2500
6;potencia_maxima;03/2022;7000;7000;7000
7;potencia_minima;03/2022;2000;2000;2000
7;potencia_maxima;03/2022;7000;7000;7000
8;potencia_minima;03/2022;0;0;0
8;potencia_maxima;03/2022;99999;99999;99999
9;potencia_minima;03/2022;0;0;0
9;potencia_maxima;03/2022;99999;99999;99999
10;potencia_maxima;03/2022;6000;6000;6000
10;potencia_minima;03/2022;0;0;0
11;potencia_maxima;03/2022;5500;5500;5500
11;potencia_minima;03/2022;0;0;0
12;potencia_minima;03/2022;0;0;0
12;potencia_maxima;03/2022;4000;4000;4000
13;potencia_maxima;03/2022;99999;99999;99999
13;potencia_minima;03/2022;0;0;0
14;potencia_maxima;03/2022;3300;3300;3300
14;potencia_minima;03/2022;0;0;0
15;potencia_maxima;03/2022;3800;3800;3200
15;potencia_minima;03/2022;0;0;0
16;potencia_maxima;03/2022;8000;8000;8000
16;potencia_minima;03/2022;0;0;0
17;potencia_minima;03/2022;0;0;0
17;potencia_maxima;03/2022;2500;2500;2500
1;potencia_minima;04/2022;0;0;0
1;potencia_maxima;04/2022;7000;8000;9900
2;potencia_minima;04/2022;0;0;0
2;potencia_maxima;04/2022;6500;6500;6500
3;potencia_maxima;04/2022;10500;10500;10500
3;potencia_minima;04/2022;0;0;0
4;potencia_minima;04/2022;0;0;0
4;potencia_maxima;04/2022;6500;6500;8200
5;potencia_maxima;04/2022;99999;99999;99999
5;potencia_minima;04/2022;0;0;0
6;potencia_minima;04/2022;2563;2512;2500
6;potencia_maxima;04/2022;7000;7000;7000
7;potencia_minima;04/2022;2000;2000;2000
7;potencia_maxima;04/2022;7000;7000;7000
8;potencia_minima;04/2022;0;0;0
8;potencia_maxima;04/2022;99999;99999;99999
9;potencia_minima;04/2022;0;0;0
9;potencia_maxima;04/2022;99999;99999;99999
10;potencia_maxima;04/2022;6000;6000;6000
10;potencia_minima;04/2022;0;0;0
11;potencia_maxima;04/2022;5500;5500;5500
11;potencia_minima;04/2022;0;0;0
12;potencia_minima;04/2022;0;0;0
12;potencia_maxima;04/2022;4000;4000;4000
13;potencia_maxima;04/2022;99999;99999;99999
13;potencia_minima;04/2022;0;0;0
14;potencia_maxima;04/2022;3300;3300;3300
14;potencia_minima;04/2022;0;0;0
15;potencia_maxima;04/2022;3800;3800;3200
15;potencia_minima;04/2022;0;0;0
16;potencia_maxima;04/2022;8000;8000;8000
16;potencia_minima;04/2022;0;0;0
17;potencia_minima;04/2022;0;0;0
17;potencia_maxima;04/2022;2500;2500;2500
1;potencia_maxima;05/2022;99999;99999;99999
1;potencia_minima;05/2022;0;0;0
2;potencia_maxima;05/2022;99999;99999;99999
2;potencia_minima;05/2022;0;0;0
3;potencia_minima;05/2022;0;0;0
3;potencia_maxima;05/2022;10053.518400000001;10053.518400000001;10353.045599999999
4;potencia_minima;05/2022;0;0;0
4;potencia_maxima;05/2022;3343.009200000000;4323.146900000000;5333.401800000000
5;potencia_maxima;05/2022;99999;99999;99999
5;potencia_minima;05/2022;0;0;0
6;potencia_maxima;05/2022;99999;99999;99999
6;potencia_minima;05/2022;0;0;0
7;potencia_minima;05/2022;0;0;0
7;potencia_maxima;05/2022;99999;99999;99999
8;potencia_minima;05/2022;0;0;0
8;potencia_maxima;05/2022;99999;99999;99999
9;potencia_minima;05/2022;0;0;0
9;potencia_maxima;05/2022;99999;99999;99999
10;potencia_maxima;05/2022;6000;6000;6000
10;potencia_minima;05/2022;0;0;0
11;potencia_minima;05/2022;0;0;0
11;potencia_maxima;05/2022;5500;5500;5500
12;potencia_maxima;05/2022;4000;4000;4000
12;potencia_minima;05/2022;0;0;0
13;potencia_maxima;05/2022;3193.329000000000;2893.363500000000;2593.111500000000
13;potencia_minima;05/2022;0;0;0
14;potencia_minima;05/2022;0;0;0
14;potencia_maxima;05/2022;3300;3300;3300
15;potencia_maxima;05/2022;5200;5200;5200
15;potencia_minima;05/2022;0;0;0
16;potencia_minima;05/2022;0;0;0
16;potencia_maxima;05/2022;8000;8000;8000
17;potencia_maxima;05/2022;2500;2500;2500
17;potencia_minima;05/2022;0;0;0
1;potencia_maxima;06/2022;99999;99999;99999
1;potencia_minima;06/2022;0;0;0
2;potencia_maxima;06/2022;99999;99999;99999
2;potencia_minima;06/2022;0;0;0
3;potencia_minima;06/2022;0;0;0
3;potencia_maxima;06/2022;10052.467400000000;10052.467400000000;10353.042900000000
4;potencia_minima;06/2022;0;0;0
4;potencia_maxima;06/2022;4342.982900000000;5322.891000000000;6232.690100000000
5;potencia_maxima;06/2022;99999;99999;99999
5;potencia_minima;06/2022;0;0;0
6;potencia_maxima;06/2022;99999;99999;99999
6;potencia_minima;06/2022;0;0;0
7;potencia_minima;06/2022;0;0;0
7;potencia_maxima;06/2022;99999;99999;99999
8;potencia_minima;06/2022;0;0;0
8;potencia_maxima;06/2022;99999;99999;99999
9;potencia_minima;06/2022;0;0;0
9;potencia_maxima;06/2022;99999;99999;99999
10;potencia_maxima;06/2022;6000;6000;6000
10;potencia_minima;06/2022;0;0;0
11;potencia_minima;06/2022;0;0;0
11;potencia_maxima;06/2022;5500;5500;5500
12;potencia_maxima;06/2022;4000;4000;4000
12;potencia_minima;06/2022;0;0;0
13;potencia_maxima;06/2022;3093.317700000000;3093.317700000000;2793.182200000000
13;potencia_minima;06/2022;0;0;0
14;potencia_minima;06/2022;0;0;0
14;potencia_maxima;06/2022;4700;4700;4700
15;potencia_maxima;06/2022;6300;6300;6300
15;potencia_minima;06/2022;0;0;0
16;potencia_minima;06/2022;0;0;0
16;potencia_maxima;06/2022;6499.903800000000;6499.903800000000;7499.889000000000
17;potencia_maxima;06/2022;2500;2500;2500
17;potencia_minima;06/2022;0;0;0
1;potencia_maxima;07/2022;99999;99999;99999
1;potencia_minima;07/2022;0;0;0
2;potencia_maxima;07/2022;99999;99999;99999
2;potencia_minima;07/2022;0;0;0
3;potencia_minima;07/2022;0;0;0
3;potencia_maxima;07/2022;10499.054800000000;10499.054800000000;11199.496999999999
4;potencia_minima;07/2022;0;0;0
4;potencia_maxima;07/2022;5889.758600000000;5969.845200000001;7779.938100000000
5;potencia_maxima;07/2022;99999;99999;99999
5;potencia_minima;07/2022;0;0;0
6;potencia_maxima;07/2022;99999;99999;99999
6;potencia_minima;07/2022;0;0;0
7;potencia_minima;07/2022;0;0;0
7;potencia_maxima;07/2022;99999;99999;99999
8;potencia_minima;07/2022;0;0;0
8;potencia_maxima;07/2022;99999;99999;99999
9;potencia_minima;07/2022;0;0;0
9;potencia_maxima;07/2022;99999;99999;99999
10;potencia_maxima;07/2022;6000;6000;6000
10;potencia_minima;07/2022;0;0;0
11;potencia_minima;07/2022;0;0;0
11;potencia_maxima;07/2022;5500;5500;5500
12;potencia_maxima;07/2022;4000;4000;4000
12;potencia_minima;07/2022;0;0;0
13;potencia_maxima;07/2022;3693;3693;3693
13;potencia_minima;07/2022;0;0;0
14;potencia_minima;07/2022;0;0;0
14;potencia_maxima;07/2022;4700;4700;4700
15;potencia_maxima;07/2022;6900;6900;6900
15;potencia_minima;07/2022;0;0;0
16;potencia_minima;07/2022;0;0;0
16;potencia_maxima;07/2022;4000;4000;4000
17;potencia_maxima;07/2022;2500;2500;2500
17;potencia_minima;07/2022;0;0;0
1;potencia_maxima;08/2022;99999;99999;99999
1;potencia_minima;08/2022;0;0;0
2;potencia_maxima;08/2022;99999;99999;99999
2;potencia_minima;08/2022;0;0;0
3;potencia_minima;08/2022;0;0;0
3;potencia_maxima;08/2022;11400.174799999999;11400.174799999999;12299.599200000001
4;potencia_minima;08/2022;0;0;0
4;potencia_maxima;08/2022;6999.889800000000;6999.889800000000;8180.304599999999
5;potencia_maxima;08/2022;99999;99999;99999
5;potencia_minima;08/2022;0;0;0
6;potencia_maxima;08/2022;99999;99999;99999
6;potencia_minima;08/2022;0;0;0
7;potencia_minima;08/2022;0;0;0
7;potencia_maxima;08/2022;99999;99999;99999
8;potencia_minima;08/2022;0;0;0
8;potencia_maxima;08/2022;99999;99999;99999
9;potencia_minima;08/2022;0;0;0
9;potencia_maxima;08/2022;99999;99999;99999
10;potencia_maxima;08/2022;6000;6000;6000
10;potencia_minima;08/2022;0;0;0
11;potencia_minima;08/2022;0;0;0
11;potencia_maxima;08/2022;5500;5500;5500
12;potencia_maxima;08/2022;4000;4000;4000
12;potencia_minima;08/2022;0;0;0
13;potencia_maxima;08/2022;3693;3693;3693
13;potencia_minima;08/2022;0;0;0
14;potencia_minima;08/2022;0;0;0
14;potencia_maxima;08/2022;4700;4700;4700
15;potencia_maxima;08/2022;6900;6900;6900
15;potencia_minima;08/2022;0;0;0
16;potencia_minima;08/2022;0;0;0
16;potencia_maxima;08/2022;3000;3000;3000
17;potencia_maxima;08/2022;2500;2500;2500
17;potencia_minima;08/2022;0;0;0
1;potencia_maxima;09/2022;99999;99999;99999
1;potencia_minima;09/2022;0;0;0
2;potencia_maxima;09/2022;99999;99999;99999
2;potencia_minima;09/2022;0;0;0
3;potencia_minima;09/2022;0;0;0
3;potencia_maxima;09/2022;11399.472000000000;11399.472000000000;12300.115499999998
4;potencia_minima;09/2022;0;0;0
4;potencia_maxima;09/2022;6999.978999999999;6999.978999999999;8179.385000000000
5;potencia_maxima;09/2022;99999;99999;99999
5;potencia_minima;09/2022;0;0;0
6;potencia_maxima;09/2022;99999;99999;99999
6;potencia_minima;09/2022;0;0;0
7;potencia_minima;09/2022;0;0;0
7;potencia_maxima;09/2022;99999;99999;99999
8;potencia_minima;09/2022;0;0;0
8;potencia_maxima;09/2022;99999;99999;99999
9;potencia_minima;09/2022;0;0;0
9;potencia_maxima;09/2022;99999;99999;99999
10;potencia_maxima;09/2022;6000;6000;6000
10;potencia_minima;09/2022;0;0;0
11;potencia_minima;09/2022;0;0;0
11;potencia_maxima;09/2022;5500;5500;5500
12;potencia_maxima;09/2022;4000;4000;4000
12;potencia_minima;09/2022;0;0;0
13;potencia_maxima;09/2022;3693;3693;3693
13;potencia_minima;09/2022;0;0;0
14;potencia_minima;09/2022;0;0;0
14;potencia_maxima;09/2022;4700;4700;4700
15;potencia_maxima;09/2022;6900;6900;6900
15;potencia_minima;09/2022;0;0;0
16;potencia_minima;09/2022;0;0;0
16;potencia_maxima;09/2022;3000;3000;3000
17;potencia_maxima;09/2022;2500;2500;2500
17;potencia_minima;09/2022;0;0;0
1;potencia_maxima;10/2022;99999;99999;99999
1;potencia_minima;10/2022;0;0;0
2;potencia_maxima;10/2022;99999;99999;99999
2;potencia_minima;10/2022;0;0;0
3;potencia_minima;10/2022;0;0;0
3;potencia_maxima;10/2022;11399.832000000000;11399.832000000000;12300.005999999999
4;potencia_minima;10/2022;0;0;0
4;potencia_maxima;10/2022;7000.123500000000;7000.123500000000;8599.481700000000
5;potencia_maxima;10/2022;99999;99999;99999
5;potencia_minima;10/2022;0;0;0
6;potencia_maxima;10/2022;99999;99999;99999
6;potencia_minima;10/2022;0;0;0
7;potencia_minima;10/2022;0;0;0
7;potencia_maxima;10/2022;99999;99999;99999
8;potencia_minima;10/2022;0;0;0
8;potencia_maxima;10/2022;99999;99999;99999
9;potencia_minima;10/2022;0;0;0
9;potencia_maxima;10/2022;99999;99999;99999
10;potencia_maxima;10/2022;6000;6000;6000
10;potencia_minima;10/2022;0;0;0
11;potencia_minima;10/2022;0;0;0
11;potencia_maxima;10/2022;5500;5500;5500
12;potencia_maxima;10/2022;4000;4000;4000
12;potencia_minima;10/2022;0;0;0
13;potencia_maxima;10/2022;3693;3693;3693
13;potencia_minima;10/2022;0;0;0
14;potencia_minima;10/2022;0;0;0
14;potencia_maxima;10/2022;4700;4700;4700
15;potencia_maxima;10/2022;6900;6900;6900
15;potencia_minima;10/2022;0;0;0
16;potencia_minima;10/2022;0;0;0
16;potencia_maxima;10/2022;3000;3000;3000
17;potencia_maxima;10/2022;2500;2500;2500
17;potencia_minima;10/2022;0;0;0
1;potencia_maxima;11/2022;99999;99999;99999
1;potencia_minima;11/2022;0;0;0
2;potencia_maxima;11/2022;99999;99999;99999
2;potencia_minima;11/2022;0;0;0
3;potencia_minima;11/2022;0;0;0
3;potencia_maxima;11/2022;11399.699999999999;11399.699999999999;12300.300000000001
4;potencia_minima;11/2022;0;0;0
4;potencia_maxima;11/2022;6999.720000000000;6999.720000000000;8600.280000000001
5;potencia_maxima;11/2022;99999;99999;99999
5;potencia_minima;11/2022;0;0;0
6;potencia_maxima;11/2022;99999;99999;99999
6;potencia_minima;11/2022;0;0;0
7;potencia_minima;11/2022;0;0;0
7;potencia_maxima;11/2022;99999;99999;99999
8;potencia_minima;11/2022;0;0;0
8;potencia_maxima;11/2022;99999;99999;99999
9;potencia_minima;11/2022;0;0;0
9;potencia_maxima;11/2022;99999;99999;99999
10;potencia_maxima;11/2022;6400;6400;6400
10;potencia_minima;11/2022;0;0;0
11;potencia_minima;11/2022;0;0;0
11;potencia_maxima;11/2022;7800;7800;7800
12;potencia_maxima;11/2022;5000;5000;5000
12;potencia_minima;11/2022;0;0;0
13;potencia_maxima;11/2022;4623;4623;4623
13;potencia_minima;11/2022;0;0;0
14;potencia_minima;11/2022;0;0;0
14;potencia_maxima;11/2022;4700;4700;4700
15;potencia_maxima;11/2022;6900;6900;6900
15;potencia_minima;11/2022;0;0;0
16;potencia_minima;11/2022;0;0;0
16;potencia_maxima;11/2022;6999.726799999999;6499.935200000000;6499.935200000000
17;potencia_maxima;11/2022;4200;4200;4200
17;potencia_minima;11/2022;0;0;0
1;potencia_maxima;12/2022;99999;99999;99999
1;potencia_minima;12/2022;0;0;0
2;potencia_maxima;12/2022;99999;99999;99999
2;potencia_minima;12/2022;0;0;0
3;potencia_minima;12/2022;0;0;0
3;potencia_maxima;12/2022;11400.351600000000;11400.351600000000;12300.690700000001
4;potencia_minima;12/2022;0;0;0
4;potencia_maxima;12/2022;7000.272400000000;7000.272400000000;8600.068400000000
5;potencia_maxima;12/2022;99999;99999;99999
5;potencia_minima;12/2022;0;0;0
6;potencia_maxima;12/2022;99999;99999;99999
6;potencia_minima;12/2022;0;0;0
7;potencia_minima;12/2022;0;0;0
7;potencia_maxima;12/2022;99999;99999;99999
8;potencia_minima;12/2022;0;0;0
8;potencia_maxima;12/2022;99999;99999;99999
9;potencia_minima;12/2022;0;0;0
9;potencia_maxima;12/2022;99999;99999;99999
10;potencia_maxima;12/2022;6400;6400;6400
10;potencia_minima;12/2022;0;0;0
11;potencia_minima;12/2022;0;0;0
11;potencia_maxima;12/2022;7800;7800;7800
12;potencia_maxima;12/2022;5000;5000;5000
12;potencia_minima;12/2022;0;0;0
13;potencia_maxima;12/2022;4623;4623;4623
13;potencia_minima;12/2022;0;0;0
14;potencia_minima;12/2022;0;0;0
14;potencia_maxima;12/2022;4700;4700;4700
15;potencia_maxima;12/2022;6900;6900;6900
15;potencia_minima;12/2022;0;0;0
16;potencia_minima;12/2022;0;0;0
16;potencia_maxima;12/2022;7999.661800000000;7499.921000000000;7499.921000000000
17;potencia_maxima;12/2022;4200;4200;4200
17;potencia_minima;12/2022;0;0;0
1;potencia_maxima;01/2023;99999;99999;99999
1;potencia_minima;01/2023;0;0;0
2;potencia_maxima;01/2023;99999;99999;99999
2;potencia_minima;01/2023;0;0;0
3;potencia_minima;01/2023;0;0;0
3;potencia_maxima;01/2023;11400.351600000000;11400.351600000000;12300.690700000001
4;potencia_minima;01/2023;0;0;0
4;potencia_maxima;01/2023;7000.272400000000;7000.272400000000;8600.068400000000
5;potencia_maxima;01/2023;99999;99999;99999
5;potencia_minima;01/2023;0;0;0
6;potencia_maxima;01/2023;99999;99999;99999
6;potencia_minima;01/2023;0;0;0
7;potencia_minima;01/2023;0;0;0
7;potencia_maxima;01/2023;99999;99999;99999
8;potencia_minima;01/2023;0;0;0
8;potencia_maxima;01/2023;99999;99999;99999
9;potencia_minima;01/2023;0;0;0
9;potencia_maxima;01/2023;99999;99999;99999
10;potencia_maxima;01/2023;6400;6400;6400
10;potencia_minima;01/2023;0;0;0
11;potencia_minima;01/2023;0;0;0
11;potencia_maxima;01/2023;7800;7800;7800
12;potencia_maxima;01/2023;5000;5000;5000
12;potencia_minima;01/2023;0;0;0
13;potencia_maxima;01/2023;4623;4623;4623
13;potencia_minima;01/2023;0;0;0
14;potencia_minima;01/2023;0;0;0
14;potencia_maxima;01/2023;4700;4700;4700
15;potencia_maxima;01/2023;6900;6900;6900
15;potencia_minima;01/2023;0;0;0
16;potencia_minima;01/2023;0;0;0
16;potencia_maxima;01/2023;8000;8000;8000
17;potencia_maxima;01/2023;4200;4200;4200
17;potencia_minima;01/2023;0;0;0
1;potencia_maxima;02/2023;99999;99999;99999
1;potencia_minima;02/2023;0;0;0
2;potencia_maxima;02/2023;99999;99999;99999
2;potencia_minima;02/2023;0;0;0
3;potencia_minima;02/2023;0;0;0
3;potencia_maxima;02/2023;11400.812500000000;11400.812500000000;12299.848000000000
4;potencia_minima;02/2023;0;0;0
4;potencia_maxima;02/2023;6999.315000000000;6999.315000000000;8599.381000000001
5;potencia_maxima;02/2023;99999;99999;99999
5;potencia_minima;02/2023;0;0;0
6;potencia_maxima;02/2023;99999;99999;99999
6;potencia_minima;02/2023;0;0;0
7;potencia_minima;02/2023;0;0;0
7;potencia_maxima;02/2023;99999;99999;99999
8;potencia_minima;02/2023;0;0;0
8;potencia_maxima;02/2023;99999;99999;99999
9;potencia_minima;02/2023;0;0;0
9;potencia_maxima;02/2023;99999;99999;99999
10;potencia_maxima;02/2023;6400;6400;6400
10;potencia_minima;02/2023;0;0;0
11;potencia_minima;02/2023;0;0;0
11;potencia_maxima;02/2023;7800;7800;7800
12;potencia_maxima;02/2023;5000;5000;5000
12;potencia_minima;02/2023;0;0;0
13;potencia_maxima;02/2023;4623;4623;4623
13;potencia_minima;02/2023;0;0;0
14;potencia_minima;02/2023;0;0;0
14;potencia_maxima;02/2023;4700;4700;4700
15;potencia_maxima;02/2023;6900;6900;6900
15;potencia_minima;02/2023;0;0;0
16;potencia_minima;02/2023;0;0;0
16;potencia_maxima;02/2023;8000;8000;8000
17;potencia_maxima;02/2023;4200;4200;4200
17;potencia_minima;02/2023;0;0;0
1;potencia_maxima;03/2023;99999;99999;99999
1;potencia_minima;03/2023;0;0;0
2;potencia_maxima;03/2023;99999;99999;99999
2;potencia_minima;03/2023;0;0;0
3;potencia_minima;03/2023;0;0;0
3;potencia_maxima;03/2023;11400.076800000001;11400.076800000001;12299.274399999998
4;potencia_minima;03/2023;0;0;0
4;potencia_maxima;03/2023;7000.056000000000;7000.056000000000;8599.914000000001
5;potencia_maxima;03/2023;99999;99999;99999
5;potencia_minima;03/2023;0;0;0
6;potencia_maxima;03/2023;99999;99999;99999
6;potencia_minima;03/2023;0;0;0
7;potencia_minima;03/2023;0;0;0
7;potencia_maxima;03/2023;99999;99999;99999
8;potencia_minima;03/2023;0;0;0
8;potencia_maxima;03/2023;99999;99999;99999
9;potencia_minima;03/2023;0;0;0
9;potencia_maxima;03/2023;99999;99999;99999
10;potencia_maxima;03/2023;6400;6400;6400
10;potencia_minima;03/2023;0;0;0
11;potencia_minima;03/2023;0;0;0
11;potencia_maxima;03/2023;7800;7800;7800
12;potencia_maxima;03/2023;5000;5000;5000
12;potencia_minima;03/2023;0;0;0
13;potencia_maxima;03/2023;4623;4623;4623
13;potencia_minima;03/2023;0;0;0
14;potencia_minima;03/2023;0;0;0
14;potencia_maxima;03/2023;4700;4700;4700
15;potencia_maxima;03/2023;6900;6900;6900
15;potencia_minima;03/2023;0;0;0
16;potencia_minima;03/2023;0;0;0
16;potencia_maxima;03/2023;8000;8000;8000
17;potencia_maxima;03/2023;4200;4200;4200
17;potencia_minima;03/2023;0;0;0
1;potencia_maxima;04/2023;99999;99999;99999
1;potencia_minima;04/2023;0;0;0
2;potencia_maxima;04/2023;99999;99999;99999
2;potencia_minima;04/2023;0;0;0
3;potencia_minima;04/2023;0;0;0
3;potencia_maxima;04/2023;11400.048000000001;11400.048000000001;12300.552000000001
4;potencia_minima;04/2023;0;0;0
4;potencia_maxima;04/2023;6999.378900000000;6999.378900000000;8599.820299999999
5;potencia_maxima;04/2023;99999;99999;99999
5;potencia_minima;04/2023;0;0;0
6;potencia_maxima;04/2023;99999;99999;99999
6;potencia_minima;04/2023;0;0;0
7;potencia_minima;04/2023;0;0;0
7;potencia_maxima;04/2023;99999;99999;99999
8;potencia_minima;04/2023;0;0;0
8;potencia_maxima;04/2023;99999;99999;99999
9;potencia_minima;04/2023;0;0;0
9;potencia_maxima;04/2023;99999;99999;99999
10;potencia_maxima;04/2023;6400;6400;6400
10;potencia_minima;04/2023;0;0;0
11;potencia_minima;04/2023;0;0;0
11;potencia_maxima;04/2023;7800;7800;7800
12;potencia_maxima;04/2023;5000;5000;5000
12;potencia_minima;04/2023;0;0;0
13;potencia_maxima;04/2023;4623;4623;4623
13;potencia_minima;04/2023;0;0;0
14;potencia_minima;04/2023;0;0;0
14;potencia_maxima;04/2023;4700;4700;4700
15;potencia_maxima;04/2023;6900;6900;6900
15;potencia_minima;04/2023;0;0;0
16;potencia_minima;04/2023;0;0;0
16;potencia_maxima;04/2023;8000;8000;8000
17;potencia_maxima;04/2023;4200;4200;4200
17;potencia_minima;04/2023;0;0;0
1;potencia_maxima;05/2023;99999;99999;99999
1;potencia_minima;05/2023;0;0;0
2;potencia_maxima;05/2023;99999;99999;99999
2;potencia_minima;05/2023;0;0;0
3;potencia_minima;05/2023;0;0;0
3;potencia_maxima;05/2023;11400.303200000000;11400.303200000000;12299.768000000000
4;potencia_minima;05/2023;0;0;0
4;potencia_maxima;05/2023;6999.454200000000;6999.454200000000;8599.395600000000
5;potencia_maxima;05/2023;99999;99999;99999
5;potencia_minima;05/2023;0;0;0
6;potencia_maxima;05/2023;99999;99999;99999
6;potencia_minima;05/2023;0;0;0
7;potencia_minima;05/2023;0;0;0
7;potencia_maxima;05/2023;99999;99999;99999
8;potencia_minima;05/2023;0;0;0
8;potencia_maxima;05/2023;99999;99999;99999
9;potencia_minima;05/2023;0;0;0
9;potencia_maxima;05/2023;99999;99999;99999
10;potencia_maxima;05/2023;6400;6400;6400
10;potencia_minima;05/2023;0;0;0
11;potencia_minima;05/2023;0;0;0
11;potencia_maxima;05/2023;7800;7800;7800
12;potencia_maxima;05/2023;5000;5000;5000
12;potencia_minima;05/2023;0;0;0
13;potencia_maxima;05/2023;4993;4993;4993
13;potencia_minima;05/2023;0;0;0
14;potencia_minima;05/2023;0;0;0
14;potencia_maxima;05/2023;4700;4700;4700
15;potencia_maxima;05/2023;6900;6900;6900
15;potencia_minima;05/2023;0;0;0
16;potencia_minima;05/2023;0;0;0
16;potencia_maxima;05/2023;8000;8000;8000
17;potencia_maxima;05/2023;4200;4200;4200
17;potencia_minima;05/2023;0;0;0
1;potencia_maxima;06/2023;99999;99999;99999
1;potencia_minima;06/2023;0;0;0
2;potencia_maxima;06/2023;99999;99999;99999
2;potencia_minima;06/2023;0;0;0
3;potencia_minima;06/2023;0;0;0
3;potencia_maxima;06/2023;11400.408600000001;11400.408600000001;12300.254400000002
4;potencia_minima;06/2023;0;0;0
4;potencia_maxima;06/2023;6999.889300000001;6999.889300000001;8600.151000000000
5;potencia_maxima;06/2023;99999;99999;99999
5;potencia_minima;06/2023;0;0;0
6;potencia_maxima;06/2023;99999;99999;99999
6;potencia_minima;06/2023;0;0;0
7;potencia_minima;06/2023;0;0;0
7;potencia_maxima;06/2023;99999;99999;99999
8;potencia_minima;06/2023;0;0;0
8;potencia_maxima;06/2023;99999;99999;99999
9;potencia_minima;06/2023;0;0;0
9;potencia_maxima;06/2023;99999;99999;99999
10;potencia_maxima;06/2023;6400;6400;6400
10;potencia_minima;06/2023;0;0;0
11;potencia_minima;06/2023;0;0;0
11;potencia_maxima;06/2023;7800;7800;7800
12;potencia_maxima;06/2023;5000;5000;5000
12;potencia_minima;06/2023;0;0;0
13;potencia_maxima;06/2023;4993;4993;4993
13;potencia_minima;06/2023;0;0;0
14;potencia_minima;06/2023;0;0;0
14;potencia_maxima;06/2023;4700;4700;4700
15;potencia_maxima;06/2023;6900;6900;6900
15;potencia_minima;06/2023;0;0;0
16;potencia_minima;06/2023;0;0;0
16;potencia_maxima;06/2023;8000;8000;8000
17;potencia_maxima;06/2023;4200;4200;4200
17;potencia_minima;06/2023;0;0;0
1;potencia_maxima;07/2023;99999;99999;99999
1;potencia_minima;07/2023;0;0;0
2;potencia_maxima;07/2023;99999;99999;99999
2;potencia_minima;07/2023;0;0;0
3;potencia_minima;07/2023;0;0;0
3;potencia_maxima;07/2023;11400.389999999999;11400.389999999999;12299.892000000000
4;potencia_minima;07/2023;0;0;0
4;potencia_maxima;07/2023;7000.060200000000;7000.060200000000;8599.609200000001
5;potencia_maxima;07/2023;99999;99999;99999
5;potencia_minima;07/2023;0;0;0
6;potencia_maxima;07/2023;99999;99999;99999
6;potencia_minima;07/2023;0;0;0
7;potencia_minima;07/2023;0;0;0
7;potencia_maxima;07/2023;99999;99999;99999
8;potencia_minima;07/2023;0;0;0
8;potencia_maxima;07/2023;99999;99999;99999
9;potencia_minima;07/2023;0;0;0
9;potencia_maxima;07/2023;99999;99999;99999
10;potencia_maxima;07/2023;6400;6400;6400
10;potencia_minima;07/2023;0;0;0
11;potencia_minima;07/2023;0;0;0
11;potencia_maxima;07/2023;7800;7800;7800
12;potencia_maxima;07/2023;5000;5000;5000
12;potencia_minima;07/2023;0;0;0
13;potencia_maxima;07/2023;4993;4993;4993
13;potencia_minima;07/2023;0;0;0
14;potencia_minima;07/2023;0;0;0
14;potencia_maxima;07/2023;4700;4700;4700
15;potencia_maxima;07/2023;6900;6900;6900
15;potencia_minima;07/2023;0;0;0
16;potencia_minima;07/2023;0;0;0
16;potencia_maxima;07/2023;6999.782400000001;6499.607400000000;6499.607400000000
17;potencia_maxima;07/2023;4200;4200;4200
17;potencia_minima;07/2023;0;0;0
1;potencia_maxima;08/2023;99999;99999;99999
1;potencia_minima;08/2023;0;0;0
2;potencia_maxima;08/2023;99999;99999;99999
2;potencia_minima;08/2023;0;0;0
3;potencia_minima;08/2023;0;0;0
3;potencia_maxima;08/2023;11400.174799999999;11400.174799999999;12299.599200000001
4;potencia_minima;08/2023;0;0;0
4;potencia_maxima;08/2023;6999.438000000000;6999.438000000000;8599.727000000001
5;potencia_maxima;08/2023;99999;99999;99999
5;potencia_minima;08/2023;0;0;0
6;potencia_maxima;08/2023;99999;99999;99999
6;potencia_minima;08/2023;0;0;0
7;potencia_minima;08/2023;0;0;0
7;potencia_maxima;08/2023;99999;99999;99999
8;potencia_minima;08/2023;0;0;0
8;potencia_maxima;08/2023;99999;99999;99999
9;potencia_minima;08/2023;0;0;0
9;potencia_maxima;08/2023;99999;99999;99999
10;potencia_maxima;08/2023;6400;6400;6400
10;potencia_minima;08/2023;0;0;0
11;potencia_minima;08/2023;0;0;0
11;potencia_maxima;08/2023;7800;7800;7800
12;potencia_maxima;08/2023;5000;5000;5000
12;potencia_minima;08/2023;0;0;0
13;potencia_maxima;08/2023;4993;4993;4993
13;potencia_minima;08/2023;0;0;0
14;potencia_minima;08/2023;0;0;0
14;potencia_maxima;08/2023;4700;4700;4700
15;potencia_maxima;08/2023;6900;6900;6900
15;potencia_minima;08/2023;0;0;0
16;potencia_minima;08/2023;0;0;0
16;potencia_maxima;08/2023;6000.435799999999;5500.636400000000;5500.636400000000
17;potencia_maxima;08/2023;4200;4200;4200
17;potencia_minima;08/2023;0;0;0
1;potencia_maxima;09/2023;99999;99999;99999
1;potencia_minima;09/2023;0;0;0
2;potencia_maxima;09/2023;99999;99999;99999
2;potencia_minima;09/2023;0;0;0
3;potencia_minima;09/2023;0;0;0
3;potencia_maxima;09/2023;11399.699999999999;11399.699999999999;12300.300000000001
4;potencia_minima;09/2023;0;0;0
4;potencia_maxima;09/2023;6999.720000000000;6999.720000000000;8600.280000000001
5;potencia_maxima;09/2023;99999;99999;99999
5;potencia_minima;09/2023;0;0;0
6;potencia_maxima;09/2023;99999;99999;99999
6;potencia_minima;09/2023;0;0;0
7;potencia_minima;09/2023;0;0;0
7;potencia_maxima;09/2023;99999;99999;99999
8;potencia_minima;09/2023;0;0;0
8;potencia_maxima;09/2023;99999;99999;99999
9;potencia_minima;09/2023;0;0;0
9;potencia_maxima;09/2023;99999;99999;99999
10;potencia_maxima;09/2023;6400;6400;6400
10;potencia_minima;09/2023;0;0;0
11;potencia_minima;09/2023;0;0;0
11;potencia_maxima;09/2023;7800;7800;7800
12;potencia_maxima;09/2023;5000;5000;5000
12;potencia_minima;09/2023;0;0;0
13;potencia_maxima;09/2023;4993;4993;4993
13;potencia_minima;09/2023;0;0;0
14;potencia_minima;09/2023;0;0;0
14;potencia_maxima;09/2023;4700;4700;4700
15;potencia_maxima;09/2023;6900;6900;6900
15;potencia_minima;09/2023;0;0;0
16;potencia_minima;09/2023;0;0;0
16;potencia_maxima;09/2023;5999.896000000001;5500.280600000000;5500.280600000000
17;potencia_maxima;09/2023;4200;4200;4200
17;potencia_minima;09/2023;0;0;0
1;potencia_maxima;10/2023;99999;99999;99999
1;potencia_minima;10/2023;0;0;0
2;potencia_maxima;10/2023;99999;99999;99999
2;potencia_minima;10/2023;0;0;0
3;potencia_minima;10/2023;0;0;0
3;potencia_maxima;10/2023;11399.628000000001;11399.628000000001;12299.848000000000
4;potencia_minima;10/2023;0;0;0
4;potencia_maxima;10/2023;6999.434400000000;6999.434400000000;8599.705800000000
5;potencia_maxima;10/2023;99999;99999;99999
5;potencia_minima;10/2023;0;0;0
6;potencia_maxima;10/2023;99999;99999;99999
6;potencia_minima;10/2023;0;0;0
7;potencia_minima;10/2023;0;0;0
7;potencia_maxima;10/2023;99999;99999;99999
8;potencia_minima;10/2023;0;0;0
8;potencia_maxima;10/2023;99999;99999;99999
9;potencia_minima;10/2023;0;0;0
9;potencia_maxima;10/2023;99999;99999;99999
10;potencia_maxima;10/2023;6900.004200000000;6499.917700000000;6499.917700000000
10;potencia_minima;10/2023;0;0;0
11;potencia_minima;10/2023;0;0;0
11;potencia_maxima;10/2023;7800;7800;7800
12;potencia_maxima;10/2023;5000;5000;5000
12;potencia_minima;10/2023;0;0;0
13;potencia_maxima;10/2023;4993;4993;4993
13;potencia_minima;10/2023;0;0;0
14;potencia_minima;10/2023;0;0;0
14;potencia_maxima;10/2023;4700;4700;4700
15;potencia_maxima;10/2023;7200;7200;7200
15;potencia_minima;10/2023;0;0;0
16;potencia_minima;10/2023;0;0;0
16;potencia_maxima;10/2023;5999.767600000000;5499.974999999999;5499.974999999999
17;potencia_maxima;10/2023;4200;4200;4200
17;potencia_minima;10/2023;0;0;0
1;potencia_maxima;11/2023;99999;99999;99999
1;potencia_minima;11/2023;0;0;0
2;potencia_maxima;11/2023;99999;99999;99999
2;potencia_minima;11/2023;0;0;0
3;potencia_minima;11/2023;0;0;0
3;potencia_maxima;11/2023;11399.699999999999;11399.699999999999;12300.300000000001
4;potencia_minima;11/2023;0;0;0
4;potencia_maxima;11/2023;6999.720000000000;6999.720000000000;8600.280000000001
5;potencia_maxima;11/2023;99999;99999;99999
5;potencia_minima;11/2023;0;0;0
6;potencia_maxima;11/2023;99999;99999;99999
6;potencia_minima;11/2023;0;0;0
7;potencia_minima;11/2023;0;0;0
7;potencia_maxima;11/2023;99999;99999;99999
8;potencia_minima;11/2023;0;0;0
8;potencia_maxima;11/2023;99999;99999;99999
9;potencia_minima;11/2023;0;0;0
9;potencia_maxima;11/2023;99999;99999;99999
10;potencia_maxima;11/2023;6900.000800000000;6500.048500000000;6500.048500000000
10;potencia_minima;11/2023;0;0;0
11;potencia_minima;11/2023;0;0;0
11;potencia_maxima;11/2023;7800;7800;7800
12;potencia_maxima;11/2023;5000;5000;5000
12;potencia_minima;11/2023;0;0;0
13;potencia_maxima;11/2023;4623;4623;4623
13;potencia_minima;11/2023;0;0;0
14;potencia_minima;11/2023;0;0;0
14;potencia_maxima;11/2023;4700;4700;4700
15;potencia_maxima;11/2023;7200;7200;7200
15;potencia_minima;11/2023;0;0;0
16;potencia_minima;11/2023;0;0;0
16;potencia_maxima;11/2023;6999.726799999999;6499.935200000000;6499.935200000000
17;potencia_maxima;11/2023;4200;4200;4200
17;potencia_minima;11/2023;0;0;0
1;potencia_maxima;12/2023;99999;99999;99999
1;potencia_minima;12/2023;0;0;0
2;potencia_maxima;12/2023;99999;99999;99999
2;potencia_minima;12/2023;0;0;0
3;potencia_minima;12/2023;0;0;0
3;potencia_maxima;12/2023;11399.832000000000;11399.832000000000;12300.005999999999
4;potencia_minima;12/2023;0;0;0
4;potencia_maxima;12/2023;7000.123500000000;7000.123500000000;8599.481700000000
5;potencia_maxima;12/2023;99999;99999;99999
5;potencia_minima;12/2023;0;0;0
6;potencia_maxima;12/2023;99999;99999;99999
6;potencia_minima;12/2023;0;0;0
7;potencia_minima;12/2023;0;0;0
7;potencia_maxima;12/2023;99999;99999;99999
8;potencia_minima;12/2023;0;0;0
8;potencia_maxima;12/2023;99999;99999;99999
9;potencia_minima;12/2023;0;0;0
9;potencia_maxima;12/2023;99999;99999;99999
10;potencia_maxima;12/2023;6900.152200000000;6499.723400000000;6499.723400000000
10;potencia_minima;12/2023;0;0;0
11;potencia_minima;12/2023;0;0;0
11;potencia_maxima;12/2023;7800;7800;7800
12;potencia_maxima;12/2023;5000;5000;5000
12;potencia_minima;12/2023;0;0;0
13;potencia_maxima;12/2023;4623;4623;4623
13;potencia_minima;12/2023;0;0;0
14;potencia_minima;12/2023;0;0;0
14;potencia_maxima;12/2023;4700;4700;4700
15;potencia_maxima;12/2023;7200;7200;7200
15;potencia_minima;12/2023;0;0;0
16;potencia_minima;12/2023;0;0;0
16;potencia_maxima;12/2023;8000.572800000001;7500.727200000000;7500.727200000000
17;potencia_maxima;12/2023;4200;4200;4200
17;potencia_minima;12/2023;0;0;0
1;potencia_maxima;01/2024;99999;99999;99999
1;potencia_minima;01/2024;0;0;0
2;potencia_maxima;01/2024;99999;99999;99999
2;potencia_minima;01/2024;0;0;0
3;potencia_minima;01/2024;0;0;0
3;potencia_maxima;01/2024;11400.351600000000;11400.351600000000;12300.690700000001
4;potencia_minima;01/2024;0;0;0
4;potencia_maxima;01/2024;7000.272400000000;7000.272400000000;8600.068400000000
5;potencia_maxima;01/2024;99999;99999;99999
5;potencia_minima;01/2024;0;0;0
6;potencia_maxima;01/2024;99999;99999;99999
6;potencia_minima;01/2024;0;0;0
7;potencia_minima;01/2024;0;0;0
7;potencia_maxima;01/2024;99999;99999;99999
8;potencia_minima;01/2024;0;0;0
8;potencia_maxima;01/2024;99999;99999;99999
9;potencia_minima;01/2024;0;0;0
9;potencia_maxima;01/2024;99999;99999;99999
10;potencia_maxima;01/2024;6900.348500000000;6500.032000000000;6500.032000000000
10;potencia_minima;01/2024;0;0;0
11;potencia_minima;01/2024;0;0;0
11;potencia_maxima;01/2024;7800;7800;7800
12;potencia_maxima;01/2024;5000;5000;5000
12;potencia_minima;01/2024;0;0;0
13;potencia_maxima;01/2024;4623;4623;4623
13;potencia_minima;01/2024;0;0;0
14;potencia_minima;01/2024;0;0;0
14;potencia_maxima;01/2024;4700;4700;4700
15;potencia_maxima;01/2024;7200;7200;7200
15;potencia_minima;01/2024;0;0;0
16;potencia_minima;01/2024;0;0;0
16;potencia_maxima;01/2024;8000;8000;8000
17;potencia_maxima;01/2024;4200;4200;4200
17;potencia_minima;01/2024;0;0;0
1;potencia_maxima;02/2024;99999;99999;99999
1;potencia_minima;02/2024;0;0;0
2;potencia_maxima;02/2024;99999;99999;99999
2;potencia_minima;02/2024;0;0;0
3;potencia_minima;02/2024;0;0;0
3;potencia_maxima;02/2024;11400.735999999999;11400.735999999999;12300.575999999999
4;potencia_minima;02/2024;0;0;0
4;potencia_maxima;02/2024;7000.687199999999;7000.687199999999;8600.666400000000
5;potencia_maxima;02/2024;99999;99999;99999
5;potencia_minima;02/2024;0;0;0
6;potencia_maxima;02/2024;99999;99999;99999
6;potencia_minima;02/2024;0;0;0
7;potencia_minima;02/2024;0;0;0
7;potencia_maxima;02/2024;99999;99999;99999
8;potencia_minima;02/2024;0;0;0
8;potencia_maxima;02/2024;99999;99999;99999
9;potencia_minima;02/2024;0;0;0
9;potencia_maxima;02/2024;99999;99999;99999
10;potencia_maxima;02/2024;6899.846399999999;6499.712000000000;6499.712000000000
10;potencia_minima;02/2024;0;0;0
11;potencia_minima;02/2024;0;0;0
11;potencia_maxima;02/2024;7800;7800;7800
12;potencia_maxima;02/2024;5000;5000;5000
12;potencia_minima;02/2024;0;0;0
13;potencia_maxima;02/2024;4623;4623;4623
13;potencia_minima;02/2024;0;0;0
14;potencia_minima;02/2024;0;0;0
14;potencia_maxima;02/2024;4700;4700;4700
15;potencia_maxima;02/2024;7200;7200;7200
15;potencia_minima;02/2024;0;0;0
16;potencia_minima;02/2024;0;0;0
16;potencia_maxima;02/2024;8000;8000;8000
17;potencia_maxima;02/2024;4200;4200;4200
17;potencia_minima;02/2024;0;0;0
1;potencia_maxima;03/2024;99999;99999;99999
1;potencia_minima;03/2024;0;0;0
2;potencia_maxima;03/2024;99999;99999;99999
2;potencia_minima;03/2024;0;0;0
3;potencia_minima;03/2024;0;0;0
3;potencia_maxima;03/2024;11399.832000000000;11399.832000000000;12300.005999999999
4;potencia_minima;03/2024;0;0;0
4;potencia_maxima;03/2024;7000.123500000000;7000.123500000000;8599.481700000000
5;potencia_maxima;03/2024;99999;99999;99999
5;potencia_minima;03/2024;0;0;0
6;potencia_maxima;03/2024;99999;99999;99999
6;potencia_minima;03/2024;0;0;0
7;potencia_minima;03/2024;0;0;0
7;potencia_maxima;03/2024;99999;99999;99999
8;potencia_minima;03/2024;0;0;0
8;potencia_maxima;03/2024;99999;99999;99999
9;potencia_minima;03/2024;0;0;0
9;potencia_maxima;03/2024;99999;99999;99999
10;potencia_maxima;03/2024;6900.152200000000;6499.723400000000;6499.723400000000
10;potencia_minima;03/2024;0;0;0
11;potencia_minima;03/2024;0;0;0
11;potencia_maxima;03/2024;7800;7800;7800
12;potencia_maxima;03/2024;5000;5000;5000
12;potencia_minima;03/2024;0;0;0
13;potencia_maxima;03/2024;4623;4623;4623
13;potencia_minima;03/2024;0;0;0
14;potencia_minima;03/2024;0;0;0
14;potencia_maxima;03/2024;4700;4700;4700
15;potencia_maxima;03/2024;7200;7200;7200
15;potencia_minima;03/2024;0;0;0
16;potencia_minima;03/2024;0;0;0
16;potencia_maxima;03/2024;8000;8000;8000
17;potencia_maxima;03/2024;4200;4200;4200
17;potencia_minima;03/2024;0;0;0
1;potencia_maxima;04/2024;99999;99999;99999
1;potencia_minima;04/2024;0;0;0
2;potencia_maxima;04/2024;99999;99999;99999
2;potencia_minima;04/2024;0;0;0
3;potencia_minima;04/2024;0;0;0
3;potencia_maxima;04/2024;11400.389999999999;11400.389999999999;12299.892000000000
4;potencia_minima;04/2024;0;0;0
4;potencia_maxima;04/2024;7000.189200000000;7000.189200000000;8600.719400000000
5;potencia_maxima;04/2024;99999;99999;99999
5;potencia_minima;04/2024;0;0;0
6;potencia_maxima;04/2024;99999;99999;99999
6;potencia_minima;04/2024;0;0;0
7;potencia_minima;04/2024;0;0;0
7;potencia_maxima;04/2024;99999;99999;99999
8;potencia_minima;04/2024;0;0;0
8;potencia_maxima;04/2024;99999;99999;99999
9;potencia_minima;04/2024;0;0;0
9;potencia_maxima;04/2024;99999;99999;99999
10;potencia_maxima;04/2024;6899.461800000000;6499.493000000000;6499.493000000000
10;potencia_minima;04/2024;0;0;0
11;potencia_minima;04/2024;0;0;0
11;potencia_maxima;04/2024;7800;7800;7800
12;potencia_maxima;04/2024;5000;5000;5000
12;potencia_minima;04/2024;0;0;0
13;potencia_maxima;04/2024;4623;4623;4623
13;potencia_minima;04/2024;0;0;0
14;potencia_minima;04/2024;0;0;0
14;potencia_maxima;04/2024;4700;4700;4700
15;potencia_maxima;04/2024;7200;7200;7200
15;potencia_minima;04/2024;0;0;0
16;potencia_minima;04/2024;0;0;0
16;potencia_maxima;04/2024;8000;8000;8000
17;potencia_maxima;04/2024;4200;4200;4200
17;potencia_minima;04/2024;0;0;0
1;potencia_maxima;05/2024;99999;99999;99999
1;potencia_minima;05/2024;0;0;0
2;potencia_maxima;05/2024;99999;99999;99999
2;potencia_minima;05/2024;0;0;0
3;potencia_minima;05/2024;0;0;0
3;potencia_maxima;05/2024;11400.389999999999;11400.389999999999;12299.892000000000
4;potencia_minima;05/2024;0;0;0
4;potencia_maxima;05/2024;7000.060200000000;7000.060200000000;8599.609200000001
5;potencia_maxima;05/2024;99999;99999;99999
5;potencia_minima;05/2024;0;0;0
6;potencia_maxima;05/2024;99999;99999;99999
6;potencia_minima;05/2024;0;0;0
7;potencia_minima;05/2024;0;0;0
7;potencia_maxima;05/2024;99999;99999;99999
8;potencia_minima;05/2024;0;0;0
8;potencia_maxima;05/2024;99999;99999;99999
9;potencia_minima;05/2024;0;0;0
9;potencia_maxima;05/2024;99999;99999;99999
10;potencia_maxima;05/2024;6899.736500000000;6499.646000000000;6499.646000000000
10;potencia_minima;05/2024;0;0;0
11;potencia_minima;05/2024;0;0;0
11;potencia_maxima;05/2024;7800;7800;7800
12;potencia_maxima;05/2024;5000;5000;5000
12;potencia_minima;05/2024;0;0;0
13;potencia_maxima;05/2024;4993;4993;4993
13;potencia_minima;05/2024;0;0;0
14;potencia_minima;05/2024;0;0;0
14;potencia_maxima;05/2024;4700;4700;4700
15;potencia_maxima;05/2024;7200;7200;7200
15;potencia_minima;05/2024;0;0;0
16;potencia_minima;05/2024;0;0;0
16;potencia_maxima;05/2024;8000;8000;8000
17;potencia_maxima;05/2024;4200;4200;4200
17;potencia_minima;05/2024;0;0;0
1;potencia_maxima;06/2024;99999;99999;99999
1;potencia_minima;06/2024;0;0;0
2;potencia_maxima;06/2024;99999;99999;99999
2;potencia_minima;06/2024;0;0;0
3;potencia_minima;06/2024;0;0;0
3;potencia_maxima;06/2024;11400.482500000000;11400.482500000000;12300.365000000000
4;potencia_minima;06/2024;0;0;0
4;potencia_maxima;06/2024;7000.565600000000;7000.565600000000;8600.628400000000
5;potencia_maxima;06/2024;99999;99999;99999
5;potencia_minima;06/2024;0;0;0
6;potencia_maxima;06/2024;99999;99999;99999
6;potencia_minima;06/2024;0;0;0
7;potencia_minima;06/2024;0;0;0
7;potencia_maxima;06/2024;99999;99999;99999
8;potencia_minima;06/2024;0;0;0
8;potencia_maxima;06/2024;99999;99999;99999
9;potencia_minima;06/2024;0;0;0
9;potencia_maxima;06/2024;99999;99999;99999
10;potencia_maxima;06/2024;6899.646600000000;6499.676700000000;6499.676700000000
10;potencia_minima;06/2024;0;0;0
11;potencia_minima;06/2024;0;0;0
11;potencia_maxima;06/2024;7800;7800;7800
12;potencia_maxima;06/2024;5000;5000;5000
12;potencia_minima;06/2024;0;0;0
13;potencia_maxima;06/2024;4993;4993;4993
13;potencia_minima;06/2024;0;0;0
14;potencia_minima;06/2024;0;0;0
14;potencia_maxima;06/2024;4700;4700;4700
15;potencia_maxima;06/2024;7200;7200;7200
15;potencia_minima;06/2024;0;0;0
16;potencia_minima;06/2024;0;0;0
16;potencia_maxima;06/2024;8000;8000;8000
17;potencia_maxima;06/2024;4200;4200;4200
17;potencia_minima;06/2024;0;0;0
1;potencia_maxima;07/2024;99999;99999;99999
1;potencia_minima;07/2024;0;0;0
2;potencia_maxima;07/2024;99999;99999;99999
2;potencia_minima;07/2024;0;0;0
3;potencia_minima;07/2024;0;0;0
3;potencia_maxima;07/2024;11400.174799999999;11400.174799999999;12299.599200000001
4;potencia_minima;07/2024;0;0;0
4;potencia_maxima;07/2024;6999.438000000000;6999.438000000000;8599.727000000001
5;potencia_maxima;07/2024;99999;99999;99999
5;potencia_minima;07/2024;0;0;0
6;potencia_maxima;07/2024;99999;99999;99999
6;potencia_minima;07/2024;0;0;0
7;potencia_minima;07/2024;0;0;0
7;potencia_maxima;07/2024;99999;99999;99999
8;potencia_minima;07/2024;0;0;0
8;potencia_maxima;07/2024;99999;99999;99999
9;potencia_minima;07/2024;0;0;0
9;potencia_maxima;07/2024;99999;99999;99999
10;potencia_maxima;07/2024;6899.996400000000;6699.486000000000;6699.486000000000
10;potencia_minima;07/2024;0;0;0
11;potencia_minima;07/2024;0;0;0
11;potencia_maxima;07/2024;7800;7800;7800
12;potencia_maxima;07/2024;5000;5000;5000
12;potencia_minima;07/2024;0;0;0
13;potencia_maxima;07/2024;4993;4993;4993
13;potencia_minima;07/2024;0;0;0
14;potencia_minima;07/2024;0;0;0
14;potencia_maxima;07/2024;6000;6000;6000
15;potencia_maxima;07/2024;8299.772100000000;7599.935700000000;7899.523200000001
15;potencia_minima;07/2024;0;0;0
16;potencia_minima;07/2024;0;0;0
16;potencia_maxima;07/2024;7000.241999999999;6500.797800000000;6500.797800000000
17;potencia_maxima;07/2024;4200;4200;4200
17;potencia_minima;07/2024;0;0;0
1;potencia_maxima;08/2024;99999;99999;99999
1;potencia_minima;08/2024;0;0;0
2;potencia_maxima;08/2024;99999;99999;99999
2;potencia_minima;08/2024;0;0;0
3;potencia_minima;08/2024;0;0;0
3;potencia_maxima;08/2024;11400.303200000000;11400.303200000000;12299.768000000000
4;potencia_minima;08/2024;0;0;0
4;potencia_maxima;08/2024;6999.454200000000;6999.454200000000;8599.395600000000
5;potencia_maxima;08/2024;99999;99999;99999
5;potencia_minima;08/2024;0;0;0
6;potencia_maxima;08/2024;99999;99999;99999
6;potencia_minima;08/2024;0;0;0
7;potencia_minima;08/2024;0;0;0
7;potencia_maxima;08/2024;99999;99999;99999
8;potencia_minima;08/2024;0;0;0
8;potencia_maxima;08/2024;99999;99999;99999
9;potencia_minima;08/2024;0;0;0
9;potencia_maxima;08/2024;99999;99999;99999
10;potencia_maxima;08/2024;6900.326099999999;6699.904500000001;6699.904500000001
10;potencia_minima;08/2024;0;0;0
11;potencia_minima;08/2024;0;0;0
11;potencia_maxima;08/2024;7800;7800;7800
12;potencia_maxima;08/2024;5000;5000;5000
12;potencia_minima;08/2024;0;0;0
13;potencia_maxima;08/2024;4993;4993;4993
13;potencia_minima;08/2024;0;0;0
14;potencia_minima;08/2024;0;0;0
14;potencia_maxima;08/2024;6000;6000;6000
15;potencia_maxima;08/2024;8299.925100000000;7599.816000000000;7899.976800000000
15;potencia_minima;08/2024;0;0;0
16;potencia_minima;08/2024;0;0;0
16;potencia_maxima;08/2024;5999.453600000000;5499.877600000000;5499.877600000000
17;potencia_maxima;08/2024;4200;4200;4200
17;potencia_minima;08/2024;0;0;0
1;potencia_maxima;09/2024;99999;99999;99999
1;potencia_minima;09/2024;0;0;0
2;potencia_maxima;09/2024;99999;99999;99999
2;potencia_minima;09/2024;0;0;0
3;potencia_minima;09/2024;0;0;0
3;potencia_maxima;09/2024;11399.472000000000;11399.472000000000;12300.115499999998
4;potencia_minima;09/2024;0;0;0
4;potencia_maxima;09/2024;6999.586499999999;6999.586499999999;8600.047200000001
5;potencia_maxima;09/2024;99999;99999;99999
5;potencia_minima;09/2024;0;0;0
6;potencia_maxima;09/2024;99999;99999;99999
6;potencia_minima;09/2024;0;0;0
7;potencia_minima;09/2024;0;0;0
7;potencia_maxima;09/2024;99999;99999;99999
8;potencia_minima;09/2024;0;0;0
8;potencia_maxima;09/2024;99999;99999;99999
9;potencia_minima;09/2024;0;0;0
9;potencia_maxima;09/2024;99999;99999;99999
10;potencia_maxima;09/2024;6899.918000000000;6699.881200000000;6699.881200000000
10;potencia_minima;09/2024;0;0;0
11;potencia_minima;09/2024;0;0;0
11;potencia_maxima;09/2024;7800;7800;7800
12;potencia_maxima;09/2024;5000;5000;5000
12;potencia_minima;09/2024;0;0;0
13;potencia_maxima;09/2024;4993;4993;4993
13;potencia_minima;09/2024;0;0;0
14;potencia_minima;09/2024;0;0;0
14;potencia_maxima;09/2024;6000;6000;6000
15;potencia_maxima;09/2024;8299.550900000000;7600.038900000000;7899.716200000000
15;potencia_minima;09/2024;0;0;0
16;potencia_minima;09/2024;0;0;0
16;potencia_maxima;09/2024;6000.004200000000;5500.333200000000;5500.333200000000
17;potencia_maxima;09/2024;4200;4200;4200
17;potencia_minima;09/2024;0;0;0
1;potencia_maxima;10/2024;99999;99999;99999
1;potencia_minima;10/2024;0;0;0
2;potencia_maxima;10/2024;99999;99999;99999
2;potencia_minima;10/2024;0;0;0
3;potencia_minima;10/2024;0;0;0
3;potencia_maxima;10/2024;11400.076800000001;11400.076800000001;12299.274399999998
4;potencia_minima;10/2024;0;0;0
4;potencia_maxima;10/2024;7000.056000000000;7000.056000000000;8599.914000000001
5;potencia_maxima;10/2024;99999;99999;99999
5;potencia_minima;10/2024;0;0;0
6;potencia_maxima;10/2024;99999;99999;99999
6;potencia_minima;10/2024;0;0;0
7;potencia_minima;10/2024;0;0;0
7;potencia_maxima;10/2024;99999;99999;99999
8;potencia_minima;10/2024;0;0;0
8;potencia_maxima;10/2024;99999;99999;99999
9;potencia_minima;10/2024;0;0;0
9;potencia_maxima;10/2024;99999;99999;99999
10;potencia_maxima;10/2024;6899.944800000000;6700.465800000000;6700.465800000000
10;potencia_minima;10/2024;0;0;0
11;potencia_minima;10/2024;0;0;0
11;potencia_maxima;10/2024;7800;7800;7800
12;potencia_maxima;10/2024;5000;5000;5000
12;potencia_minima;10/2024;0;0;0
13;potencia_maxima;10/2024;4993;4993;4993
13;potencia_minima;10/2024;0;0;0
14;potencia_minima;10/2024;0;0;0
14;potencia_maxima;10/2024;6000;6000;6000
15;potencia_maxima;10/2024;8300.247000000001;7600.207000000000;7900.110500000000
15;potencia_minima;10/2024;0;0;0
16;potencia_minima;10/2024;0;0;0
16;potencia_maxima;10/2024;6000.520500000000;5500.618500000000;5500.618500000000
17;potencia_maxima;10/2024;4200;4200;4200
17;potencia_minima;10/2024;0;0;0
1;potencia_maxima;11/2024;99999;99999;99999
1;potencia_minima;11/2024;0;0;0
2;potencia_maxima;11/2024;99999;99999;99999
2;potencia_minima;11/2024;0;0;0
3;potencia_minima;11/2024;0;0;0
3;potencia_maxima;11/2024;11399.699999999999;11399.699999999999;12300.300000000001
4;potencia_minima;11/2024;0;0;0
4;potencia_maxima;11/2024;6999.720000000000;6999.720000000000;8600.280000000001
5;potencia_maxima;11/2024;99999;99999;99999
5;potencia_minima;11/2024;0;0;0
6;potencia_maxima;11/2024;99999;99999;99999
6;potencia_minima;11/2024;0;0;0
7;potencia_minima;11/2024;0;0;0
7;potencia_maxima;11/2024;99999;99999;99999
8;potencia_minima;11/2024;0;0;0
8;potencia_maxima;11/2024;99999;99999;99999
9;potencia_minima;11/2024;0;0;0
9;potencia_maxima;11/2024;99999;99999;99999
10;potencia_maxima;11/2024;6899.786399999999;6699.489600000000;6699.489600000000
10;potencia_minima;11/2024;0;0;0
11;potencia_minima;11/2024;0;0;0
11;potencia_maxima;11/2024;7800;7800;7800
12;potencia_maxima;11/2024;5000;5000;5000
12;potencia_minima;11/2024;0;0;0
13;potencia_maxima;11/2024;4623;4623;4623
13;potencia_minima;11/2024;0;0;0
14;potencia_minima;11/2024;0;0;0
14;potencia_maxima;11/2024;6000;6000;6000
15;potencia_maxima;11/2024;8300.509400000001;7600.828400000000;7900.465800000000
15;potencia_minima;11/2024;0;0;0
16;potencia_minima;11/2024;0;0;0
16;potencia_maxima;11/2024;6999.726799999999;6499.935200000000;6499.935200000000
17;potencia_maxima;11/2024;4200;4200;4200
17;potencia_minima;11/2024;0;0;0
1;potencia_maxima;12/2024;99999;99999;99999
1;potencia_minima;12/2024;0;0;0
2;potencia_maxima;12/2024;99999;99999;99999
2;potencia_minima;12/2024;0;0;0
3;potencia_minima;12/2024;0;0;0
3;potencia_maxima;12/2024;11399.628000000001;11399.628000000001;12299.848000000000
4;potencia_minima;12/2024;0;0;0
4;potencia_maxima;12/2024;6999.434400000000;6999.434400000000;8599.705800000000
5;potencia_maxima;12/2024;99999;99999;99999
5;potencia_minima;12/2024;0;0;0
6;potencia_maxima;12/2024;99999;99999;99999
6;potencia_minima;12/2024;0;0;0
7;potencia_minima;12/2024;0;0;0
7;potencia_maxima;12/2024;99999;99999;99999
8;potencia_minima;12/2024;0;0;0
8;potencia_maxima;12/2024;99999;99999;99999
9;potencia_minima;12/2024;0;0;0
9;potencia_maxima;12/2024;99999;99999;99999
10;potencia_maxima;12/2024;6900.134999999999;6699.808500000000;6699.808500000000
10;potencia_minima;12/2024;0;0;0
11;potencia_minima;12/2024;0;0;0
11;potencia_maxima;12/2024;7800;7800;7800
12;potencia_maxima;12/2024;5000;5000;5000
12;potencia_minima;12/2024;0;0;0
13;potencia_maxima;12/2024;4623;4623;4623
13;potencia_minima;12/2024;0;0;0
14;potencia_minima;12/2024;0;0;0
14;potencia_maxima;12/2024;6000;6000;6000
15;potencia_maxima;12/2024;8299.718800000001;7599.247200000001;7899.675200000000
15;potencia_minima;12/2024;0;0;0
16;potencia_minima;12/2024;0;0;0
16;potencia_maxima;12/2024;7999.740400000000;7500.327600000000;7500.327600000000
17;potencia_maxima;12/2024;4200;4200;4200
17;potencia_minima;12/2024;0;0;0
